,Temp_C,Dew Point Temp_C,Rel Hum_%,Wind Speed_km/h,Visibility_km,Press_kPa,std_weather
16,2.6,-0.2,82,13,12.9,99.93,CLOUDY
17,3.0,0.0,81,13,16.1,99.81,CLOUDY
20,3.2,1.3,87,19,25.0,99.5,CLOUDY
21,4.0,1.7,85,20,25.0,99.39,CLOUDY
23,5.3,2.0,79,30,25.0,99.31,CLOUDY
25,4.6,0.0,72,39,25.0,99.26,CLOUDY
26,3.9,-0.9,71,32,25.0,99.26,CLOUDY
27,3.7,-1.5,69,33,25.0,99.3,CLOUDY
28,2.9,-2.3,69,32,25.0,99.26,CLOUDY
29,2.6,-2.3,70,32,25.0,99.21,CLOUDY
30,2.3,-2.6,70,26,25.0,99.18,CLOUDY
31,2.0,-2.9,70,33,25.0,99.14,CLOUDY
32,1.9,-3.3,68,39,24.1,99.14,CLOUDY
33,1.8,-3.7,67,44,24.1,99.14,CLOUDY
34,1.5,-4.1,66,43,24.1,99.18,CLOUDY
35,2.2,-3.5,66,30,24.1,99.19,CLOUDY
37,1.1,-6.5,57,37,24.1,99.27,CLOUDY
38,1.1,-6.8,56,33,24.1,99.33,CLOUDY
39,0.0,-7.0,59,33,24.1,99.41,CLOUDY
40,-0.7,-8.7,55,24,24.1,99.5,CLOUDY
42,-4.1,-11.4,57,28,25.0,99.86,CLOUDY
43,-4.8,-12.1,57,24,25.0,100.0,CLOUDY
46,-7.0,-14.7,54,20,25.0,100.26,CLOUDY
49,-9.7,-17.2,54,20,25.0,100.43,CLOUDY
52,-12.6,-20.1,53,24,25.0,100.68,CLOUDY
56,-14.8,-21.3,58,26,24.1,101.07,CLOUDY
57,-15.0,-21.9,56,19,24.1,101.2,CLOUDY
58,-15.3,-22.2,56,24,24.1,101.29,CLOUDY
59,-14.9,-22.2,54,22,24.1,101.33,CLOUDY
69,-17.0,-24.6,52,15,25.0,101.86,CLOUDY
70,-17.1,-24.6,52,20,25.0,101.86,CLOUDY
71,-17.3,-24.2,55,17,25.0,101.87,CLOUDY
72,-17.5,-24.2,56,13,25.0,101.88,CLOUDY
78,-18.5,-24.1,61,11,25.0,101.74,CLOUDY
79,-18.2,-24.1,60,11,25.0,101.75,CLOUDY
80,-17.8,-24.2,57,17,24.1,101.73,CLOUDY
81,-16.8,-22.5,61,9,24.1,101.68,CLOUDY
82,-15.2,-20.6,63,7,24.1,101.54,CLOUDY
83,-14.2,-21.1,56,13,24.1,101.41,CLOUDY
85,-12.4,-20.1,53,11,24.1,101.07,CLOUDY
118,-9.9,-15.7,63,7,25.0,100.85,CLOUDY
119,-9.4,-15.5,61,9,25.0,100.83,CLOUDY
120,-9.6,-16.8,56,13,25.0,100.81,CLOUDY
121,-10.0,-17.3,55,17,25.0,100.81,CLOUDY
122,-10.5,-16.5,61,9,25.0,100.84,CLOUDY
138,-10.5,-13.6,78,17,19.3,100.12,CLOUDY
139,-10.5,-13.4,79,15,25.0,100.13,CLOUDY
140,-10.2,-13.0,80,11,25.0,100.15,CLOUDY
141,-9.5,-12.5,79,9,25.0,100.13,CLOUDY
142,-9.3,-12.2,79,11,19.3,100.16,CLOUDY
143,-9.0,-12.0,79,7,16.1,100.15,CLOUDY
144,-8.7,-11.7,79,6,16.1,100.13,CLOUDY
145,-8.5,-11.4,80,0,19.3,100.11,CLOUDY
146,-8.1,-11.1,79,4,19.3,100.15,CLOUDY
147,-7.8,-10.8,79,4,19.3,100.12,CLOUDY
148,-7.5,-10.5,79,6,19.3,100.1,CLOUDY
149,-6.9,-9.7,80,4,19.3,100.12,CLOUDY
150,-6.7,-9.5,80,7,16.1,100.12,CLOUDY
151,-7.0,-9.7,81,7,16.1,100.16,CLOUDY
168,0.6,-3.2,76,32,25.0,100.72,CLOUDY
169,-0.6,-4.6,74,32,25.0,100.8,CLOUDY
170,-1.7,-6.2,71,30,25.0,100.98,CLOUDY
174,-5.8,-10.8,68,13,25.0,101.47,CLOUDY
175,-5.6,-10.3,69,11,25.0,101.59,CLOUDY
181,-6.5,-12.4,63,15,24.1,101.94,CLOUDY
182,-6.5,-12.0,65,19,24.1,101.97,CLOUDY
183,-6.6,-12.9,61,20,48.3,102.04,CLOUDY
184,-6.6,-13.3,59,20,24.1,102.09,CLOUDY
187,-8.0,-13.9,62,15,25.0,102.26,CLOUDY
188,-8.3,-13.7,65,15,25.0,102.28,CLOUDY
189,-8.3,-13.9,64,11,25.0,102.26,CLOUDY
190,-8.7,-14.0,65,7,25.0,102.22,CLOUDY
191,-9.0,-13.9,68,7,25.0,102.22,CLOUDY
192,-9.2,-14.3,66,6,25.0,102.17,CLOUDY
193,-9.8,-14.5,68,0,25.0,102.13,CLOUDY
194,-9.0,-14.1,66,4,25.0,102.15,CLOUDY
195,-8.8,-13.2,70,0,25.0,102.11,CLOUDY
196,-8.5,-13.2,69,9,25.0,102.02,CLOUDY
197,-8.4,-12.7,71,11,25.0,101.93,CLOUDY
198,-7.7,-11.9,72,11,25.0,101.86,CLOUDY
199,-6.8,-11.0,72,15,25.0,101.8,CLOUDY
204,-2.5,-6.6,73,9,24.1,101.4,CLOUDY
205,-1.7,-5.8,74,7,24.1,101.27,CLOUDY
206,-1.4,-5.1,76,7,24.1,101.2,CLOUDY
207,-1.0,-5.1,74,9,24.1,101.13,CLOUDY
208,-1.3,-5.7,72,11,24.1,101.05,CLOUDY
209,-1.4,-5.8,72,15,24.1,100.96,CLOUDY
210,-1.0,-5.6,71,20,25.0,100.9,CLOUDY
211,-1.1,-5.8,70,19,25.0,100.83,CLOUDY
212,-1.5,-6.2,70,15,25.0,100.77,CLOUDY
213,-1.7,-6.3,71,11,25.0,100.64,CLOUDY
214,-0.3,-6.3,64,19,25.0,100.54,CLOUDY
215,-0.2,-6.1,64,17,25.0,100.45,CLOUDY
216,2.5,-5.2,57,30,25.0,100.38,CLOUDY
220,1.2,-1.7,81,26,25.0,100.07,CLOUDY
224,1.2,-1.1,85,24,16.1,100.11,CLOUDY
225,1.6,-0.8,84,17,19.3,100.23,CLOUDY
226,2.0,-0.9,81,24,24.1,100.27,CLOUDY
228,1.4,-3.1,72,30,24.1,100.32,CLOUDY
229,0.7,-5.4,64,26,24.1,100.36,CLOUDY
232,-3.1,-10.9,55,30,24.1,100.81,CLOUDY
233,-4.0,-12.0,54,17,24.1,100.91,CLOUDY
234,-4.9,-12.7,54,15,25.0,101.04,CLOUDY
235,-5.7,-13.8,53,15,25.0,101.15,CLOUDY
236,-6.4,-14.3,53,13,25.0,101.24,CLOUDY
237,-6.6,-13.6,57,9,25.0,101.32,CLOUDY
238,-7.3,-14.7,55,13,25.0,101.34,CLOUDY
239,-8.6,-15.6,57,19,25.0,101.44,CLOUDY
240,-9.5,-16.8,55,17,25.0,101.43,CLOUDY
247,-14.4,-21.0,57,13,25.0,101.77,CLOUDY
248,-14.7,-21.4,57,15,24.1,101.8,CLOUDY
249,-14.3,-20.8,58,15,24.1,101.81,CLOUDY
250,-13.9,-20.9,55,11,19.3,101.89,CLOUDY
251,-13.4,-20.8,54,15,24.1,101.78,CLOUDY
252,-12.7,-20.4,53,17,24.1,101.68,CLOUDY
253,-12.2,-20.0,52,19,24.1,101.63,CLOUDY
254,-11.4,-19.4,52,20,24.1,101.56,CLOUDY
255,-11.6,-19.9,50,20,24.1,101.61,CLOUDY
256,-11.8,-20.9,47,20,24.1,101.6,CLOUDY
257,-11.9,-20.1,51,26,24.1,101.56,CLOUDY
258,-12.0,-19.9,52,24,25.0,101.51,CLOUDY
259,-11.8,-19.2,54,30,25.0,101.43,CLOUDY
260,-11.2,-18.1,57,24,25.0,101.4,CLOUDY
261,-11.2,-16.5,65,19,25.0,101.32,CLOUDY
262,-10.8,-16.0,65,22,25.0,101.29,CLOUDY
263,-10.7,-15.7,67,20,25.0,101.19,CLOUDY
264,-10.0,-15.2,66,19,25.0,101.17,CLOUDY
265,-9.8,-15.2,65,24,25.0,101.13,CLOUDY
266,-9.4,-15.0,64,26,25.0,101.08,CLOUDY
267,-9.0,-14.7,63,33,25.0,101.02,CLOUDY
268,-8.5,-14.1,64,22,25.0,100.93,CLOUDY
269,-8.0,-13.7,64,30,25.0,100.81,CLOUDY
270,-7.6,-13.1,65,28,25.0,100.76,CLOUDY
292,-5.0,-7.4,83,24,11.3,99.13,CLOUDY
293,-5.1,-7.7,82,20,12.9,99.06,CLOUDY
294,-5.4,-7.8,83,22,16.1,98.94,CLOUDY
295,-5.1,-7.7,82,22,16.1,98.84,CLOUDY
317,-14.3,-19.8,63,24,25.0,100.39,CLOUDY
318,-15.2,-20.6,63,24,25.0,100.6,CLOUDY
319,-16.8,-22.2,63,26,25.0,100.73,CLOUDY
320,-17.9,-23.5,62,20,24.1,100.84,CLOUDY
321,-18.0,-23.6,61,19,24.1,100.97,CLOUDY
322,-18.0,-23.9,60,22,24.1,101.08,CLOUDY
323,-17.8,-23.9,59,20,24.1,101.14,CLOUDY
324,-17.5,-23.8,58,20,48.3,101.16,CLOUDY
326,-16.7,-23.4,56,17,48.3,101.2,CLOUDY
327,-16.7,-23.4,56,22,48.3,101.24,CLOUDY
328,-16.7,-24.3,52,19,24.1,101.3,CLOUDY
329,-17.4,-24.4,54,13,25.0,101.36,CLOUDY
333,-20.0,-25.9,59,11,25.0,101.65,CLOUDY
334,-19.9,-26.0,58,13,25.0,101.74,CLOUDY
335,-20.3,-26.2,59,9,25.0,101.79,CLOUDY
336,-21.2,-26.8,61,11,25.0,101.81,CLOUDY
337,-21.1,-26.6,61,9,25.0,101.86,CLOUDY
338,-21.4,-26.6,63,9,25.0,101.99,CLOUDY
339,-20.7,-26.1,62,4,25.0,102.04,CLOUDY
340,-21.0,-26.6,61,0,25.0,102.12,CLOUDY
341,-21.3,-26.5,63,6,25.0,102.19,CLOUDY
342,-23.2,-28.5,62,7,25.0,102.28,CLOUDY
368,-17.9,-22.6,67,9,48.3,102.9,CLOUDY
369,-14.4,-20.7,59,22,48.3,102.75,CLOUDY
370,-13.6,-18.7,65,19,48.3,102.62,CLOUDY
371,-12.7,-17.7,66,20,48.3,102.44,CLOUDY
372,-10.7,-16.9,60,19,48.3,102.17,CLOUDY
373,-10.1,-16.1,61,13,48.3,101.92,CLOUDY
374,-9.0,-13.8,68,13,48.3,101.71,CLOUDY
375,-8.0,-13.8,63,17,48.3,101.49,CLOUDY
376,-7.1,-14.1,57,9,48.3,101.41,CLOUDY
377,-7.6,-14.8,56,4,25.0,101.34,CLOUDY
380,-14.0,-18.3,70,13,25.0,101.19,CLOUDY
381,-12.9,-17.1,71,11,25.0,101.12,CLOUDY
382,-12.2,-16.5,70,9,25.0,101.05,CLOUDY
383,-11.5,-15.7,71,7,25.0,100.98,CLOUDY
384,-10.8,-15.0,71,9,25.0,100.94,CLOUDY
385,-10.4,-14.6,71,9,25.0,100.88,CLOUDY
386,-9.7,-13.7,73,9,25.0,100.84,CLOUDY
387,-9.2,-13.2,73,6,25.0,100.84,CLOUDY
409,3.7,-2.1,66,83,25.0,98.36,CLOUDY
410,0.5,-4.0,72,70,25.0,98.62,CLOUDY
411,-3.5,-8.2,70,57,25.0,99.0,CLOUDY
414,-8.5,-13.9,65,39,19.3,100.0,CLOUDY
443,-11.0,-16.9,62,26,48.3,101.56,CLOUDY
444,-8.8,-15.4,59,15,48.3,101.42,CLOUDY
445,-7.3,-14.7,55,20,48.3,101.22,CLOUDY
446,-7.0,-14.9,53,20,48.3,101.03,CLOUDY
447,-6.7,-15.0,52,26,48.3,100.88,CLOUDY
448,-6.7,-14.9,52,24,24.1,100.76,CLOUDY
449,-6.9,-14.7,54,17,24.1,100.7,CLOUDY
450,-5.0,-12.9,54,19,25.0,100.66,CLOUDY
456,-4.1,-8.6,71,26,25.0,100.5,CLOUDY
459,-4.8,-9.9,67,19,25.0,100.75,CLOUDY
462,-7.6,-14.3,59,28,25.0,101.13,CLOUDY
463,-8.6,-15.6,57,28,25.0,101.27,CLOUDY
479,-17.4,-24.5,54,6,25.0,102.37,CLOUDY
480,-16.4,-23.7,53,6,25.0,102.29,CLOUDY
481,-16.1,-23.6,52,0,25.0,102.26,CLOUDY
482,-15.3,-22.8,53,0,25.0,102.27,CLOUDY
483,-15.9,-21.9,60,7,25.0,102.23,CLOUDY
484,-15.3,-21.8,58,7,25.0,102.18,CLOUDY
485,-14.8,-22.9,50,11,25.0,102.08,CLOUDY
486,-14.3,-22.0,52,9,25.0,101.98,CLOUDY
487,-13.9,-22.1,50,9,25.0,102.04,CLOUDY
488,-14.0,-21.8,52,9,25.0,102.06,CLOUDY
492,-14.6,-20.3,62,15,24.1,102.03,CLOUDY
507,-18.4,-23.0,67,0,16.1,102.75,CLOUDY
513,-16.2,-19.2,78,7,48.3,103.01,CLOUDY
518,-9.4,-14.8,65,9,16.1,102.74,CLOUDY
519,-8.7,-14.5,63,9,16.1,102.65,CLOUDY
520,-8.0,-14.7,59,6,19.3,102.6,CLOUDY
521,-9.5,-15.8,60,19,19.3,102.57,CLOUDY
522,-10.4,-16.1,63,19,19.3,102.52,CLOUDY
523,-10.4,-16.2,62,19,19.3,102.47,CLOUDY
526,-13.2,-17.0,73,13,16.1,102.33,CLOUDY
528,-12.9,-17.0,71,11,25.0,102.22,CLOUDY
530,-13.2,-17.1,72,13,25.0,102.1,CLOUDY
531,-12.1,-16.0,73,13,25.0,101.99,CLOUDY
532,-11.2,-15.2,72,11,25.0,101.88,CLOUDY
533,-9.9,-13.9,73,11,25.0,101.79,CLOUDY
534,-8.8,-12.8,73,7,25.0,101.76,CLOUDY
535,-8.1,-12.1,73,13,25.0,101.67,CLOUDY
536,-7.2,-11.1,74,11,24.1,101.69,CLOUDY
537,-4.9,-9.2,72,11,48.3,101.59,CLOUDY
538,-3.6,-7.9,72,9,48.3,101.58,CLOUDY
539,1.2,-3.2,72,11,48.3,101.49,CLOUDY
540,2.3,-2.4,71,6,48.3,101.33,CLOUDY
541,2.5,-1.5,75,22,48.3,101.14,CLOUDY
544,3.1,-0.3,78,28,24.1,100.71,CLOUDY
550,3.6,2.2,91,28,25.0,100.1,CLOUDY
551,4.0,2.5,90,22,25.0,100.08,CLOUDY
553,3.1,1.9,92,19,16.1,100.04,CLOUDY
556,4.2,1.2,81,30,25.0,100.25,CLOUDY
557,3.7,-0.2,76,41,25.0,100.37,CLOUDY
558,3.4,-0.6,75,28,25.0,100.45,CLOUDY
559,2.9,-1.1,75,26,16.1,100.49,CLOUDY
560,3.0,-1.7,71,28,19.3,100.52,CLOUDY
561,2.9,-1.8,71,30,24.1,100.6,CLOUDY
562,3.0,-2.0,70,35,24.1,100.65,CLOUDY
563,3.1,-1.9,70,33,24.1,100.7,CLOUDY
564,3.2,-2.3,67,30,24.1,100.72,CLOUDY
565,2.8,-2.4,69,39,24.1,100.73,CLOUDY
568,1.7,-2.4,74,30,24.1,100.82,CLOUDY
572,1.3,-3.2,72,19,25.0,101.06,CLOUDY
573,1.1,-3.0,74,20,25.0,101.11,CLOUDY
574,1.1,-3.4,72,22,25.0,101.13,CLOUDY
576,0.5,-4.6,69,28,25.0,101.2,CLOUDY
577,-0.1,-5.2,68,22,25.0,101.26,CLOUDY
578,-0.4,-5.9,66,20,25.0,101.37,CLOUDY
579,-0.5,-6.2,65,24,25.0,101.45,CLOUDY
580,-0.7,-6.0,67,24,25.0,101.52,CLOUDY
581,-1.7,-7.7,64,33,25.0,101.58,CLOUDY
582,-2.8,-9.0,62,35,25.0,101.66,CLOUDY
583,-3.9,-10.0,63,37,25.0,101.79,CLOUDY
584,-4.7,-10.9,62,26,24.1,101.94,CLOUDY
585,-5.2,-11.3,62,28,24.1,102.05,CLOUDY
586,-5.3,-11.4,62,22,24.1,102.09,CLOUDY
587,-5.3,-11.9,60,19,24.1,102.14,CLOUDY
588,-5.0,-11.8,59,20,24.1,102.06,CLOUDY
592,-4.4,-11.3,59,19,24.1,101.96,CLOUDY
595,-5.4,-11.5,62,13,25.0,102.14,CLOUDY
596,-4.9,-11.6,59,7,25.0,102.07,CLOUDY
597,-5.4,-11.1,64,7,25.0,102.01,CLOUDY
598,-5.5,-11.3,64,0,25.0,101.99,CLOUDY
599,-5.4,-11.4,63,6,25.0,102.01,CLOUDY
600,-5.9,-11.7,64,6,25.0,101.99,CLOUDY
613,-4.0,-12.0,54,15,24.1,101.71,CLOUDY
614,-3.4,-12.5,49,11,24.1,101.6,CLOUDY
615,-3.0,-14.1,42,13,24.1,101.53,CLOUDY
616,-3.8,-12.2,52,19,24.1,101.52,CLOUDY
617,-4.3,-12.2,54,20,24.1,101.4,CLOUDY
618,-4.7,-13.7,49,24,25.0,101.28,CLOUDY
619,-4.5,-13.5,49,17,25.0,101.25,CLOUDY
644,-0.7,-2.7,86,32,16.1,99.54,CLOUDY
645,-1.3,-3.9,82,19,24.1,99.75,CLOUDY
646,-1.5,-4.4,81,19,25.0,99.88,CLOUDY
650,0.2,-2.6,81,24,25.0,100.49,CLOUDY
651,0.4,-3.0,78,17,25.0,100.59,CLOUDY
652,0.1,-3.4,77,15,25.0,100.64,CLOUDY
653,0.3,-2.7,80,19,25.0,100.72,CLOUDY
654,-1.7,-5.4,76,9,25.0,100.79,CLOUDY
657,-1.6,-4.5,81,13,24.1,100.93,CLOUDY
658,-1.1,-4.4,78,13,48.3,100.94,CLOUDY
659,-0.6,-3.6,80,6,48.3,100.9,CLOUDY
660,-0.3,-3.4,80,7,48.3,100.74,CLOUDY
661,0.9,-3.5,72,4,48.3,100.58,CLOUDY
662,1.2,-3.5,71,9,48.3,100.48,CLOUDY
663,1.2,-3.7,70,15,48.3,100.28,CLOUDY
664,1.4,-3.7,69,22,48.3,100.14,CLOUDY
665,1.2,-3.5,71,11,48.3,100.16,CLOUDY
666,1.6,-3.4,69,9,25.0,100.08,CLOUDY
670,2.3,-2.0,73,37,25.0,99.85,CLOUDY
680,-2.2,-8.3,63,32,24.1,100.81,CLOUDY
681,-2.1,-8.5,62,32,24.1,100.88,CLOUDY
682,-1.8,-8.3,61,24,24.1,100.87,CLOUDY
685,0.5,-8.8,50,33,24.1,100.7,CLOUDY
686,0.4,-7.9,54,19,24.1,100.63,CLOUDY
687,0.2,-7.5,56,17,24.1,100.65,CLOUDY
688,0.7,-8.3,51,20,24.1,100.67,CLOUDY
706,-8.8,-16.0,56,17,48.3,101.82,CLOUDY
707,-7.7,-14.7,57,19,48.3,101.86,CLOUDY
712,-7.3,-15.8,51,17,48.3,101.86,CLOUDY
713,-7.4,-15.7,51,13,48.3,101.9,CLOUDY
717,-8.4,-15.5,57,4,25.0,101.96,CLOUDY
718,-7.8,-15.2,55,4,25.0,101.98,CLOUDY
719,-8.6,-13.8,66,6,25.0,101.96,CLOUDY
720,-7.0,-13.1,62,7,25.0,101.92,CLOUDY
721,-7.1,-13.2,62,6,25.0,101.88,CLOUDY
730,-9.7,-14.2,70,19,19.3,101.54,CLOUDY
731,-9.3,-14.2,67,20,19.3,101.46,CLOUDY
741,-7.1,-10.5,77,20,12.9,101.02,CLOUDY
752,-5.5,-8.5,79,11,11.3,100.36,CLOUDY
753,-5.7,-8.6,80,15,12.9,100.36,CLOUDY
769,-5.5,-9.2,75,9,25.0,101.36,CLOUDY
778,-8.2,-13.7,65,17,24.1,101.87,CLOUDY
779,-8.3,-14.2,62,19,24.1,101.89,CLOUDY
780,-8.1,-13.3,66,13,24.1,101.86,CLOUDY
781,-7.4,-12.7,66,9,24.1,101.86,CLOUDY
782,-6.7,-12.0,66,9,24.1,101.85,CLOUDY
783,-6.7,-12.1,65,9,24.1,101.9,CLOUDY
784,-6.6,-11.7,67,11,24.1,101.94,CLOUDY
785,-7.1,-12.0,68,13,24.1,101.99,CLOUDY
786,-7.7,-12.5,68,7,25.0,102.08,CLOUDY
787,-7.0,-12.2,66,6,25.0,102.13,CLOUDY
788,-8.9,-12.8,73,4,25.0,102.22,CLOUDY
791,-7.2,-11.1,74,7,25.0,102.31,CLOUDY
792,-9.7,-12.5,80,4,25.0,102.33,CLOUDY
799,-11.3,-13.7,82,9,16.1,102.59,CLOUDY
800,-10.6,-13.3,80,9,19.3,102.62,CLOUDY
801,-8.8,-11.9,78,6,24.1,102.62,CLOUDY
802,-6.8,-10.2,77,7,19.3,102.61,CLOUDY
809,-3.4,-7.0,76,11,19.3,102.19,CLOUDY
812,-4.2,-7.7,77,11,25.0,102.16,CLOUDY
813,-4.7,-8.0,78,7,25.0,102.17,CLOUDY
814,-5.3,-8.6,78,0,25.0,102.1,CLOUDY
817,-4.5,-6.7,85,11,25.0,101.98,CLOUDY
818,-4.0,-7.4,77,20,25.0,102.07,CLOUDY
819,-4.9,-10.5,65,15,25.0,102.11,CLOUDY
851,-10.5,-12.4,86,11,12.9,101.95,CLOUDY
854,-5.5,-11.8,61,20,24.1,101.63,CLOUDY
855,-5.3,-11.4,62,15,24.1,101.55,CLOUDY
856,-4.7,-10.7,63,6,19.3,101.48,CLOUDY
857,-4.2,-10.0,64,9,25.0,101.43,CLOUDY
858,-3.9,-9.7,64,15,25.0,101.41,CLOUDY
859,-3.1,-8.6,66,15,25.0,101.34,CLOUDY
860,-2.8,-8.0,67,24,25.0,101.25,CLOUDY
861,-2.5,-7.7,67,26,25.0,101.18,CLOUDY
862,-2.1,-6.7,71,28,25.0,101.06,CLOUDY
863,-1.5,-5.7,73,30,25.0,100.93,CLOUDY
864,-0.7,-5.2,72,30,25.0,100.86,CLOUDY
865,-0.8,-5.2,72,24,25.0,100.8,CLOUDY
867,0.1,-3.3,78,30,25.0,100.77,CLOUDY
869,1.0,-3.8,70,26,25.0,100.7,CLOUDY
870,1.1,-3.6,71,32,25.0,100.63,CLOUDY
871,1.2,-3.5,71,37,24.1,100.62,CLOUDY
872,1.1,-3.8,70,33,24.1,100.63,CLOUDY
873,1.1,-3.6,71,32,24.1,100.62,CLOUDY
874,1.4,-3.3,71,32,24.1,100.6,CLOUDY
875,1.9,-2.8,71,35,24.1,100.57,CLOUDY
876,2.6,-2.4,70,22,24.1,100.5,CLOUDY
877,2.6,-2.9,67,32,24.1,100.47,CLOUDY
878,3.0,-3.3,63,33,24.1,100.45,CLOUDY
879,3.3,-3.3,62,30,24.1,100.46,CLOUDY
880,3.3,-3.1,63,17,24.1,100.47,CLOUDY
881,2.9,-2.8,66,13,25.0,100.51,CLOUDY
882,3.2,-2.8,65,11,25.0,100.57,CLOUDY
883,3.1,-2.6,66,13,25.0,100.62,CLOUDY
884,2.6,-2.6,69,11,25.0,100.65,CLOUDY
885,3.0,-2.2,69,15,25.0,100.67,CLOUDY
886,2.7,-2.6,68,13,25.0,100.68,CLOUDY
887,2.2,-2.9,69,13,25.0,100.7,CLOUDY
888,1.9,-3.1,69,13,25.0,100.77,CLOUDY
889,1.8,-3.4,68,15,25.0,100.82,CLOUDY
890,1.5,-4.4,65,15,25.0,100.89,CLOUDY
892,-1.0,-8.3,58,19,25.0,101.03,CLOUDY
894,-2.9,-8.8,64,20,25.0,101.27,CLOUDY
967,-0.5,-3.9,78,20,24.1,101.09,CLOUDY
968,-0.9,-4.2,78,17,24.1,101.12,CLOUDY
969,-0.1,-3.5,78,19,24.1,101.12,CLOUDY
970,0.9,-3.7,71,28,24.1,101.1,CLOUDY
971,1.4,-4.1,67,20,24.1,101.08,CLOUDY
972,1.4,-3.9,68,24,24.1,100.97,CLOUDY
973,1.3,-4.7,64,24,24.1,100.92,CLOUDY
974,1.1,-3.5,71,30,24.1,100.91,CLOUDY
975,1.3,-4.0,68,28,24.1,100.94,CLOUDY
976,1.0,-4.1,69,30,24.1,100.9,CLOUDY
977,0.9,-4.8,66,22,25.0,100.87,CLOUDY
978,0.4,-4.8,68,17,25.0,100.92,CLOUDY
979,0.0,-5.2,68,17,25.0,100.91,CLOUDY
981,-0.4,-4.7,73,13,25.0,100.84,CLOUDY
993,-13.7,-19.1,64,20,24.1,101.04,CLOUDY
997,-12.1,-16.4,70,7,24.1,100.85,CLOUDY
1009,-15.3,-23.1,51,11,25.0,100.62,CLOUDY
1012,-16.6,-23.8,54,11,25.0,100.6,CLOUDY
1016,-16.9,-24.1,54,17,24.1,100.68,CLOUDY
1018,-16.6,-25.1,48,17,48.3,100.73,CLOUDY
1026,-12.3,-20.1,52,24,25.0,100.57,CLOUDY
1027,-11.9,-19.3,54,24,25.0,100.58,CLOUDY
1028,-11.3,-18.9,53,22,25.0,100.58,CLOUDY
1029,-10.8,-18.8,52,24,25.0,100.55,CLOUDY
1030,-10.6,-17.9,55,26,25.0,100.55,CLOUDY
1031,-10.3,-17.3,56,20,25.0,100.53,CLOUDY
1033,-9.4,-16.5,56,22,25.0,100.37,CLOUDY
1034,-8.8,-15.7,57,24,25.0,100.33,CLOUDY
1035,-8.8,-14.6,63,20,25.0,100.31,CLOUDY
1036,-8.4,-14.6,61,20,25.0,100.3,CLOUDY
1037,-8.0,-15.0,57,22,25.0,100.33,CLOUDY
1038,-7.9,-14.5,59,22,25.0,100.37,CLOUDY
1039,-7.9,-14.5,59,22,24.1,100.44,CLOUDY
1040,-8.0,-13.5,65,24,48.3,100.54,CLOUDY
1041,-7.5,-14.6,57,20,48.3,100.56,CLOUDY
1042,-6.8,-19.1,37,26,48.3,100.59,CLOUDY
1043,-6.5,-13.0,60,20,48.3,100.59,CLOUDY
1044,-5.2,-13.1,54,17,48.3,100.56,CLOUDY
1045,-4.9,-14.0,49,24,48.3,100.52,CLOUDY
1046,-4.3,-13.4,49,22,48.3,100.52,CLOUDY
1047,-3.4,-12.4,50,24,48.3,100.54,CLOUDY
1048,-3.4,-12.8,48,24,48.3,100.56,CLOUDY
1049,-3.6,-13.7,45,15,24.1,100.6,CLOUDY
1050,-4.9,-13.4,51,0,25.0,100.64,CLOUDY
1051,-5.6,-12.0,61,15,25.0,100.69,CLOUDY
1052,-7.2,-12.0,69,7,25.0,100.73,CLOUDY
1054,-9.0,-12.9,73,13,25.0,100.78,CLOUDY
1055,-10.8,-14.8,72,19,25.0,100.8,CLOUDY
1056,-11.8,-15.6,73,15,25.0,100.83,CLOUDY
1059,-13.2,-19.1,61,9,25.0,100.96,CLOUDY
1060,-13.4,-19.4,61,11,25.0,101.01,CLOUDY
1061,-13.4,-19.7,59,4,25.0,101.03,CLOUDY
1067,-5.0,-10.6,65,0,19.3,101.14,CLOUDY
1068,-3.2,-8.3,68,4,24.1,101.09,CLOUDY
1069,-2.1,-6.5,72,4,24.1,101.02,CLOUDY
1070,0.1,-5.1,68,9,24.1,100.98,CLOUDY
1071,1.1,-5.3,62,9,24.1,100.98,CLOUDY
1072,2.3,-4.9,59,7,24.1,100.97,CLOUDY
1073,1.1,-3.7,70,9,24.1,101.01,CLOUDY
1074,1.3,-3.9,68,9,25.0,101.08,CLOUDY
1075,1.8,-6.1,56,7,25.0,101.13,CLOUDY
1076,-0.2,-5.1,69,4,25.0,101.16,CLOUDY
1078,-0.5,-5.7,68,0,25.0,101.21,CLOUDY
1079,-1.2,-5.6,72,0,25.0,101.22,CLOUDY
1080,-1.9,-5.6,76,4,25.0,101.26,CLOUDY
1081,-1.8,-5.2,78,4,25.0,101.31,CLOUDY
1082,-1.2,-5.2,74,0,25.0,101.33,CLOUDY
1083,-1.6,-5.4,75,4,25.0,101.36,CLOUDY
1095,1.9,0.1,88,6,12.9,101.72,CLOUDY
1105,1.1,-0.5,89,7,12.9,102.0,CLOUDY
1106,0.7,-0.8,90,4,12.9,101.97,CLOUDY
1107,0.7,-0.7,90,6,25.0,101.94,CLOUDY
1108,0.9,-0.7,89,7,12.9,101.94,CLOUDY
1109,0.7,-0.9,89,4,12.9,101.92,CLOUDY
1110,1.3,-0.9,85,6,12.9,101.93,CLOUDY
1111,1.7,-0.9,83,7,12.9,101.96,CLOUDY
1112,1.2,-1.2,84,7,16.1,101.95,CLOUDY
1113,1.8,-1.3,80,0,16.1,101.91,CLOUDY
1115,3.3,-2.1,68,11,24.1,101.76,CLOUDY
1116,3.6,-3.1,62,19,24.1,101.65,CLOUDY
1117,3.3,-2.7,65,19,24.1,101.53,CLOUDY
1118,3.5,-2.7,64,19,24.1,101.39,CLOUDY
1119,3.6,-2.8,63,19,24.1,101.29,CLOUDY
1120,3.7,-2.5,64,15,24.1,101.22,CLOUDY
1121,3.6,-2.7,63,15,24.1,101.17,CLOUDY
1133,2.8,1.6,92,24,12.9,100.49,CLOUDY
1134,3.0,0.9,86,30,16.1,100.54,CLOUDY
1135,3.0,-0.3,79,24,24.1,100.58,CLOUDY
1136,2.8,-1.2,75,32,24.1,100.67,CLOUDY
1137,2.3,-2.4,71,32,24.1,100.74,CLOUDY
1138,2.5,-3.0,67,41,48.3,100.76,CLOUDY
1139,2.6,-4.0,62,32,48.3,100.77,CLOUDY
1140,2.6,-4.1,61,24,24.1,100.71,CLOUDY
1141,3.0,-4.3,59,22,24.1,100.66,CLOUDY
1142,3.5,-5.1,53,28,24.1,100.62,CLOUDY
1143,3.0,-4.4,58,30,24.1,100.63,CLOUDY
1144,3.1,-4.9,56,26,24.1,100.64,CLOUDY
1145,2.6,-3.9,62,26,24.1,100.66,CLOUDY
1146,2.3,-3.7,64,22,25.0,100.69,CLOUDY
1147,2.0,-3.5,67,28,25.0,100.68,CLOUDY
1148,1.8,-3.4,68,24,25.0,100.68,CLOUDY
1149,1.7,-3.6,68,19,25.0,100.7,CLOUDY
1155,0.3,-4.7,69,26,25.0,100.72,CLOUDY
1156,-0.3,-4.9,71,22,25.0,100.74,CLOUDY
1157,-0.6,-5.1,72,19,25.0,100.79,CLOUDY
1158,-0.2,-5.0,70,20,25.0,100.82,CLOUDY
1159,-0.6,-5.2,71,24,25.0,100.84,CLOUDY
1160,-0.6,-5.3,70,19,24.1,100.85,CLOUDY
1162,0.1,-5.3,67,24,48.3,100.83,CLOUDY
1163,0.5,-5.1,66,17,48.3,100.81,CLOUDY
1164,1.1,-5.7,60,15,48.3,100.75,CLOUDY
1165,1.8,-6.1,56,20,48.3,100.7,CLOUDY
1166,1.2,-5.4,61,15,48.3,100.7,CLOUDY
1167,1.5,-5.8,58,19,48.3,100.71,CLOUDY
1168,1.5,-6.3,56,19,48.3,100.73,CLOUDY
1169,1.0,-6.2,59,13,48.3,100.78,CLOUDY
1170,0.8,-6.9,56,15,25.0,100.88,CLOUDY
1184,-5.8,-9.9,73,7,24.1,101.57,CLOUDY
1185,-5.2,-9.7,71,9,24.1,101.59,CLOUDY
1186,-4.7,-9.7,68,15,48.3,101.59,CLOUDY
1187,-4.0,-9.1,68,17,48.3,101.59,CLOUDY
1209,-8.7,-14.1,65,6,48.3,102.04,CLOUDY
1210,-8.0,-13.7,64,9,48.3,102.07,CLOUDY
1211,-7.1,-13.3,61,9,48.3,102.09,CLOUDY
1212,-6.0,-12.1,62,11,48.3,102.1,CLOUDY
1213,-4.7,-11.7,58,20,48.3,102.08,CLOUDY
1215,-2.0,-9.7,56,19,48.3,102.07,CLOUDY
1232,-5.0,-8.2,78,7,48.3,101.98,CLOUDY
1233,-3.1,-7.2,73,9,48.3,101.87,CLOUDY
1234,-1.4,-7.0,66,11,48.3,101.72,CLOUDY
1235,-0.1,-6.2,63,15,48.3,101.55,CLOUDY
1236,0.0,-6.8,60,19,48.3,101.38,CLOUDY
1237,1.0,-6.2,59,24,48.3,101.19,CLOUDY
1238,1.9,-6.2,55,22,48.3,100.95,CLOUDY
1239,2.2,-5.8,55,19,48.3,100.82,CLOUDY
1240,2.0,-5.9,56,17,48.3,100.66,CLOUDY
1241,2.2,-6.4,53,9,48.3,100.59,CLOUDY
1242,1.9,-6.1,55,9,25.0,100.54,CLOUDY
1243,2.1,-6.5,53,0,25.0,100.5,CLOUDY
1244,-0.2,-4.9,71,4,25.0,100.43,CLOUDY
1245,-0.5,-4.9,72,6,25.0,100.4,CLOUDY
1247,0.5,-4.4,70,0,25.0,100.2,CLOUDY
1257,2.9,0.7,85,26,24.1,99.57,CLOUDY
1258,4.0,1.2,82,28,24.1,99.54,CLOUDY
1259,4.6,0.4,74,26,24.1,99.56,CLOUDY
1260,5.2,-0.6,66,28,24.1,99.52,CLOUDY
1261,5.8,-1.1,61,22,24.1,99.4,CLOUDY
1262,6.1,-1.4,59,17,24.1,99.32,CLOUDY
1265,2.6,0.1,84,19,24.1,99.29,CLOUDY
1266,2.4,-0.2,83,9,24.1,99.33,CLOUDY
1268,1.6,-0.8,84,13,25.0,99.32,CLOUDY
1269,2.3,-0.9,79,15,25.0,99.33,CLOUDY
1270,2.7,-0.8,78,15,25.0,99.26,CLOUDY
1271,2.6,-1.0,77,13,25.0,99.27,CLOUDY
1273,1.7,-1.1,82,11,25.0,99.18,CLOUDY
1281,1.1,-1.8,81,17,24.1,99.32,CLOUDY
1283,2.3,-1.9,74,22,24.1,99.42,CLOUDY
1284,2.1,-2.3,73,20,24.1,99.47,CLOUDY
1287,1.9,-1.8,76,22,24.1,99.6,CLOUDY
1288,2.7,-2.3,70,22,24.1,99.7,CLOUDY
1289,2.3,-3.7,64,24,24.1,99.82,CLOUDY
1300,-2.8,-5.0,85,0,25.0,100.31,CLOUDY
1301,-3.1,-5.1,86,0,25.0,100.29,CLOUDY
1302,-3.0,-5.1,85,6,25.0,100.26,CLOUDY
1303,-1.3,-3.8,83,11,24.1,100.21,CLOUDY
1304,-0.7,-3.6,81,9,24.1,100.21,CLOUDY
1305,0.3,-3.3,77,7,19.3,100.27,CLOUDY
1306,0.7,-3.0,76,9,19.3,100.25,CLOUDY
1307,0.9,-3.2,74,15,19.3,100.13,CLOUDY
1308,1.1,-3.3,72,20,19.3,99.91,CLOUDY
1309,1.0,-3.5,72,20,19.3,99.75,CLOUDY
1319,0.8,-0.5,91,17,19.3,98.39,CLOUDY
1337,-3.2,-8.4,67,24,25.0,99.59,CLOUDY
1338,-3.6,-9.0,66,30,25.0,99.8,CLOUDY
1339,-4.7,-10.5,64,35,25.0,100.04,CLOUDY
1340,-5.3,-11.2,63,26,25.0,100.24,CLOUDY
1341,-5.6,-11.1,65,32,25.0,100.42,CLOUDY
1342,-6.6,-12.8,61,28,25.0,100.62,CLOUDY
1343,-7.6,-13.8,61,26,25.0,100.76,CLOUDY
1344,-8.3,-14.3,62,19,25.0,100.89,CLOUDY
1348,-10.8,-15.3,69,30,25.0,101.6,CLOUDY
1361,-7.6,-17.1,46,24,48.3,102.55,CLOUDY
1362,-7.9,-16.7,49,19,25.0,102.6,CLOUDY
1363,-7.8,-16.8,48,13,25.0,102.63,CLOUDY
1364,-7.9,-16.4,50,11,25.0,102.64,CLOUDY
1365,-8.5,-16.6,52,9,25.0,102.72,CLOUDY
1366,-8.6,-16.5,53,0,25.0,102.68,CLOUDY
1367,-9.5,-16.2,58,0,25.0,102.64,CLOUDY
1368,-8.2,-16.2,52,7,25.0,102.63,CLOUDY
1369,-8.6,-15.5,57,4,25.0,102.61,CLOUDY
1370,-8.5,-14.2,63,13,25.0,102.6,CLOUDY
1371,-8.3,-13.7,65,9,25.0,102.59,CLOUDY
1372,-8.2,-14.4,61,9,25.0,102.58,CLOUDY
1373,-8.4,-15.1,58,13,25.0,102.54,CLOUDY
1374,-9.0,-15.2,61,17,25.0,102.42,CLOUDY
1375,-9.4,-14.6,66,20,48.3,102.31,CLOUDY
1376,-9.8,-14.8,67,19,48.3,102.25,CLOUDY
1377,-9.4,-14.9,64,22,48.3,102.1,CLOUDY
1378,-8.7,-14.6,62,22,24.1,101.94,CLOUDY
1379,-8.7,-14.2,64,28,48.3,101.74,CLOUDY
1380,-6.3,-12.8,60,15,48.3,101.59,CLOUDY
1381,-4.9,-11.6,59,19,48.3,101.41,CLOUDY
1382,-5.5,-11.5,63,22,24.1,101.34,CLOUDY
1385,-5.2,-7.9,81,20,24.1,101.01,CLOUDY
1386,-6.3,-8.9,82,24,25.0,101.1,CLOUDY
1395,-5.9,-8.3,83,9,12.9,101.66,CLOUDY
1396,-5.5,-8.3,81,15,16.1,101.82,CLOUDY
1406,-4.8,-12.1,57,15,48.3,102.58,CLOUDY
1407,-4.2,-11.8,55,19,48.3,102.58,CLOUDY
1408,-4.3,-12.4,53,17,48.3,102.54,CLOUDY
1424,-10.6,-13.7,78,11,24.1,102.44,CLOUDY
1425,-8.5,-12.3,74,11,24.1,102.36,CLOUDY
1426,-6.6,-11.6,68,17,24.1,102.3,CLOUDY
1427,-4.7,-12.5,54,15,24.1,102.24,CLOUDY
1428,-3.9,-12.2,52,17,24.1,102.08,CLOUDY
1429,-2.9,-10.8,54,11,24.1,101.99,CLOUDY
1430,-2.9,-11.7,51,13,24.1,101.89,CLOUDY
1431,-3.1,-11.5,52,20,24.1,101.81,CLOUDY
1432,-3.6,-11.2,56,26,24.1,101.72,CLOUDY
1433,-4.1,-12.0,54,28,24.1,101.6,CLOUDY
1434,-4.7,-12.8,53,28,24.1,101.54,CLOUDY
1435,-4.6,-13.2,51,30,25.0,101.46,CLOUDY
1436,-4.5,-13.0,51,30,25.0,101.42,CLOUDY
1437,-4.6,-12.7,53,26,25.0,101.23,CLOUDY
1471,-5.7,-8.7,79,22,24.1,101.17,CLOUDY
1479,-3.3,-5.7,83,15,11.3,100.98,CLOUDY
36,1.7,-6.2,56,48,24.1,99.21,CLEAR
60,-14.9,-22.6,52,20,24.1,101.34,CLEAR
61,-15.1,-22.4,54,22,24.1,101.34,CLEAR
62,-14.9,-22.9,50,22,24.1,101.38,CLEAR
63,-14.8,-22.2,53,19,24.1,101.44,CLEAR
64,-15.3,-22.9,52,22,24.1,101.51,CLEAR
65,-15.8,-23.2,53,22,24.1,101.58,CLEAR
66,-16.3,-23.8,52,24,25.0,101.64,CLEAR
67,-16.9,-24.8,50,24,25.0,101.74,CLEAR
68,-17.3,-25.4,49,24,25.0,101.82,CLEAR
73,-17.9,-24.1,58,11,25.0,101.86,CLEAR
74,-18.1,-23.8,61,15,25.0,101.89,CLEAR
75,-18.5,-24.6,59,13,25.0,101.88,CLEAR
76,-18.5,-24.6,59,13,25.0,101.82,CLEAR
77,-18.6,-24.0,62,9,25.0,101.77,CLEAR
105,-6.6,-10.1,76,9,24.1,100.42,CLEAR
106,-6.0,-10.0,73,17,48.3,100.45,CLEAR
107,-5.6,-10.2,70,22,48.3,100.41,CLEAR
108,-4.7,-9.6,69,20,48.3,100.38,CLEAR
109,-4.4,-9.7,66,26,48.3,100.4,CLEAR
110,-5.1,-10.7,65,22,48.3,100.46,CLEAR
111,-4.3,-12.0,55,26,48.3,100.52,CLEAR
112,-5.0,-12.7,55,19,24.1,100.6,CLEAR
113,-6.7,-14.1,56,11,25.0,100.65,CLEAR
114,-7.1,-14.4,56,11,25.0,100.71,CLEAR
115,-9.2,-15.4,61,7,25.0,100.8,CLEAR
116,-9.8,-15.7,62,9,25.0,100.83,CLEAR
117,-9.0,-14.8,63,13,25.0,100.83,CLEAR
171,-3.5,-8.3,69,32,25.0,101.13,CLEAR
172,-4.4,-9.2,69,22,25.0,101.21,CLEAR
173,-5.9,-10.5,70,13,25.0,101.33,CLEAR
185,-7.2,-13.8,59,17,25.0,102.17,CLEAR
186,-8.1,-14.1,62,17,25.0,102.23,CLEAR
227,2.6,-1.1,77,22,24.1,100.29,CLEAR
230,-0.2,-6.2,64,26,24.1,100.45,CLEAR
231,-1.4,-7.9,61,30,24.1,100.65,CLEAR
241,-10.7,-17.8,56,17,25.0,101.49,CLEAR
242,-12.0,-18.9,56,19,25.0,101.57,CLEAR
243,-12.7,-19.4,57,19,25.0,101.64,CLEAR
244,-13.4,-20.1,57,17,25.0,101.66,CLEAR
245,-13.9,-21.0,55,19,25.0,101.66,CLEAR
246,-14.4,-21.1,57,20,25.0,101.72,CLEAR
325,-17.1,-24.1,55,17,48.3,101.18,CLEAR
330,-17.7,-24.3,56,20,25.0,101.46,CLEAR
331,-18.3,-24.4,59,17,25.0,101.56,CLEAR
332,-19.6,-25.8,58,13,25.0,101.62,CLEAR
343,-22.8,-28.0,62,9,25.0,102.37,CLEAR
344,-23.3,-28.5,62,7,24.1,102.45,CLEAR
345,-22.2,-27.8,60,9,48.3,102.57,CLEAR
346,-20.6,-26.8,58,9,48.3,102.66,CLEAR
347,-19.3,-26.1,55,9,48.3,102.68,CLEAR
348,-18.0,-25.5,52,13,48.3,102.67,CLEAR
349,-16.8,-24.2,53,20,48.3,102.65,CLEAR
350,-16.0,-23.4,53,26,48.3,102.66,CLEAR
351,-15.4,-22.8,53,24,48.3,102.71,CLEAR
352,-15.1,-22.8,52,24,48.3,102.79,CLEAR
353,-16.2,-23.2,55,15,25.0,102.85,CLEAR
354,-16.3,-22.9,57,17,25.0,102.89,CLEAR
355,-16.3,-22.7,58,20,25.0,102.94,CLEAR
356,-16.7,-22.4,61,17,25.0,102.98,CLEAR
357,-16.9,-22.2,63,15,25.0,103.02,CLEAR
358,-16.9,-21.7,66,17,25.0,103.07,CLEAR
359,-16.9,-21.4,68,15,25.0,103.09,CLEAR
360,-17.1,-21.9,66,15,25.0,103.09,CLEAR
361,-17.8,-22.7,65,6,25.0,103.05,CLEAR
362,-18.5,-23.0,68,6,25.0,103.08,CLEAR
363,-19.2,-23.8,67,6,25.0,103.07,CLEAR
364,-18.7,-23.5,66,0,25.0,103.05,CLEAR
365,-19.1,-23.3,69,0,25.0,103.02,CLEAR
366,-18.7,-23.2,68,0,25.0,103.01,CLEAR
367,-17.9,-21.5,73,4,48.3,102.96,CLEAR
378,-12.5,-17.5,66,15,25.0,101.31,CLEAR
379,-14.8,-19.1,70,15,25.0,101.23,CLEAR
415,-9.8,-15.4,64,39,19.3,100.22,CLEAR
416,-10.9,-16.6,63,35,24.1,100.43,CLEAR
417,-11.2,-17.2,61,43,24.1,100.65,CLEAR
418,-11.2,-17.2,61,35,24.1,100.78,CLEAR
419,-11.1,-17.7,58,39,24.1,100.92,CLEAR
420,-11.0,-17.8,57,37,24.1,101.0,CLEAR
421,-10.6,-17.8,55,32,24.1,101.09,CLEAR
422,-10.3,-17.6,55,28,48.3,101.19,CLEAR
423,-10.4,-18.0,54,30,48.3,101.32,CLEAR
424,-10.6,-18.4,53,26,48.3,101.45,CLEAR
425,-11.3,-18.8,54,26,48.3,101.54,CLEAR
426,-12.0,-18.2,60,22,25.0,101.67,CLEAR
427,-12.7,-18.7,61,22,25.0,101.78,CLEAR
428,-13.4,-19.2,62,17,25.0,101.83,CLEAR
429,-13.7,-19.3,63,17,25.0,101.89,CLEAR
430,-14.2,-19.8,62,13,25.0,101.92,CLEAR
431,-14.9,-19.9,66,6,25.0,101.93,CLEAR
432,-16.6,-20.9,69,7,25.0,101.94,CLEAR
433,-15.2,-18.4,76,4,25.0,101.89,CLEAR
434,-14.3,-17.4,77,6,25.0,101.86,CLEAR
435,-18.0,-21.6,73,6,25.0,101.83,CLEAR
436,-15.4,-18.3,78,7,25.0,101.81,CLEAR
437,-16.6,-19.9,76,6,25.0,101.85,CLEAR
438,-15.3,-19.7,69,6,25.0,101.83,CLEAR
439,-14.6,-19.2,68,6,24.1,101.84,CLEAR
440,-13.7,-18.4,68,19,48.3,101.84,CLEAR
441,-12.7,-17.2,69,17,48.3,101.73,CLEAR
442,-11.7,-17.2,64,20,48.3,101.68,CLEAR
464,-10.4,-16.2,62,33,24.1,101.47,CLEAR
465,-12.2,-18.1,61,32,24.1,101.59,CLEAR
466,-13.7,-20.3,57,33,24.1,101.72,CLEAR
467,-14.2,-21.2,55,32,24.1,101.84,CLEAR
468,-15.2,-22.1,56,30,24.1,101.88,CLEAR
469,-15.8,-23.7,51,30,24.1,101.96,CLEAR
470,-15.5,-24.1,48,30,48.3,101.98,CLEAR
471,-15.0,-23.9,47,30,48.3,102.09,CLEAR
472,-14.8,-24.1,45,24,48.3,102.15,CLEAR
473,-15.4,-24.3,46,17,48.3,102.21,CLEAR
474,-15.9,-24.3,48,13,25.0,102.27,CLEAR
475,-16.3,-24.2,51,13,25.0,102.33,CLEAR
476,-16.9,-24.8,50,9,25.0,102.34,CLEAR
477,-18.5,-25.6,54,9,25.0,102.37,CLEAR
478,-18.1,-25.1,54,9,25.0,102.36,CLEAR
493,-13.4,-19.8,59,15,24.1,102.01,CLEAR
494,-12.5,-19.7,55,13,24.1,102.01,CLEAR
495,-11.8,-18.9,56,11,24.1,102.06,CLEAR
496,-11.6,-18.8,55,7,48.3,102.11,CLEAR
497,-12.1,-19.8,53,11,48.3,102.16,CLEAR
498,-13.0,-20.2,55,6,25.0,102.24,CLEAR
499,-13.4,-19.9,58,4,25.0,102.27,CLEAR
500,-18.5,-24.4,60,4,25.0,102.36,CLEAR
501,-16.0,-20.8,66,9,25.0,102.47,CLEAR
502,-17.6,-23.3,61,0,25.0,102.52,CLEAR
503,-17.4,-21.7,69,0,25.0,102.54,CLEAR
504,-18.3,-22.5,70,0,25.0,102.57,CLEAR
505,-17.5,-21.3,72,4,25.0,102.64,CLEAR
506,-18.5,-22.6,70,0,25.0,102.71,CLEAR
508,-17.2,-21.5,69,0,25.0,102.79,CLEAR
509,-19.5,-23.4,71,6,16.1,102.84,CLEAR
511,-18.6,-22.8,69,6,12.9,102.91,CLEAR
512,-18.5,-22.0,74,4,24.1,102.98,CLEAR
524,-12.3,-16.8,69,15,19.3,102.44,CLEAR
525,-12.9,-17.2,70,15,16.1,102.38,CLEAR
527,-13.3,-17.1,73,9,16.1,102.28,CLEAR
529,-12.9,-17.2,70,11,25.0,102.14,CLEAR
589,-4.7,-11.7,58,20,24.1,102.01,CLEAR
590,-4.5,-11.0,60,22,24.1,101.98,CLEAR
591,-4.4,-11.2,59,22,24.1,101.94,CLEAR
593,-4.8,-11.4,60,20,24.1,102.01,CLEAR
594,-5.1,-11.4,61,11,25.0,102.07,CLEAR
601,-7.0,-12.1,67,4,25.0,101.95,CLEAR
602,-8.2,-12.6,71,6,25.0,101.99,CLEAR
603,-8.1,-12.5,71,0,25.0,101.97,CLEAR
604,-8.5,-13.5,67,0,25.0,101.95,CLEAR
605,-9.0,-13.9,68,6,25.0,102.02,CLEAR
606,-11.2,-15.0,73,6,25.0,102.06,CLEAR
607,-10.6,-14.4,74,6,24.1,102.01,CLEAR
608,-9.2,-13.3,72,6,24.1,102.08,CLEAR
609,-7.9,-12.4,70,11,24.1,102.01,CLEAR
610,-5.7,-12.4,59,11,24.1,102.04,CLEAR
611,-5.0,-12.1,57,7,24.1,102.05,CLEAR
612,-4.6,-12.5,54,11,24.1,101.88,CLEAR
647,-1.6,-4.5,81,20,25.0,100.03,CLEAR
648,-1.5,-4.3,81,19,25.0,100.19,CLEAR
655,-1.2,-4.6,78,11,25.0,100.85,CLEAR
656,-2.1,-5.1,80,7,48.3,100.91,CLEAR
669,2.1,-1.7,76,24,25.0,99.95,CLEAR
672,1.5,-5.0,62,57,25.0,99.96,CLEAR
673,0.9,-5.3,63,52,25.0,100.09,CLEAR
674,0.3,-5.8,64,52,25.0,100.21,CLEAR
675,-0.2,-6.0,65,43,25.0,100.34,CLEAR
676,-0.9,-7.0,63,43,25.0,100.47,CLEAR
677,-1.5,-7.8,62,43,25.0,100.59,CLEAR
678,-2.0,-8.1,63,44,25.0,100.68,CLEAR
679,-1.9,-8.2,62,32,24.1,100.74,CLEAR
683,-0.8,-7.7,59,33,24.1,100.84,CLEAR
684,0.1,-7.6,56,37,24.1,100.77,CLEAR
689,-0.7,-8.4,56,11,24.1,100.74,CLEAR
690,-1.1,-9.3,54,17,25.0,100.77,CLEAR
691,-1.6,-9.3,56,17,25.0,100.81,CLEAR
692,-2.0,-9.1,58,17,25.0,100.83,CLEAR
693,-1.7,-8.4,60,9,25.0,100.85,CLEAR
694,-2.3,-7.0,70,15,25.0,100.84,CLEAR
695,-3.4,-7.6,73,15,25.0,100.85,CLEAR
696,-3.7,-8.8,68,11,25.0,100.89,CLEAR
697,-4.4,-10.0,65,15,25.0,100.92,CLEAR
698,-5.1,-10.0,68,15,25.0,100.99,CLEAR
699,-6.1,-10.3,72,11,25.0,101.07,CLEAR
700,-7.7,-11.8,72,11,25.0,101.19,CLEAR
701,-7.9,-13.8,63,13,25.0,101.33,CLEAR
702,-8.9,-15.1,61,15,25.0,101.47,CLEAR
703,-9.8,-16.0,61,15,25.0,101.55,CLEAR
704,-10.5,-17.0,59,9,48.3,101.68,CLEAR
705,-9.5,-16.6,56,13,48.3,101.75,CLEAR
708,-7.0,-14.2,56,22,48.3,101.83,CLEAR
709,-7.5,-15.2,54,22,48.3,101.8,CLEAR
710,-6.7,-15.0,52,22,48.3,101.81,CLEAR
711,-6.9,-15.3,51,22,48.3,101.83,CLEAR
714,-7.4,-15.6,52,15,25.0,101.94,CLEAR
715,-8.8,-15.9,56,7,25.0,101.96,CLEAR
716,-9.5,-16.0,59,4,25.0,101.95,CLEAR
793,-11.0,-13.5,82,0,25.0,102.35,CLEAR
794,-10.2,-12.7,82,0,25.0,102.39,CLEAR
795,-11.6,-14.0,82,0,25.0,102.4,CLEAR
796,-12.6,-15.1,82,7,16.1,102.42,CLEAR
798,-11.8,-14.1,83,7,16.1,102.51,CLEAR
820,-7.1,-12.7,64,13,25.0,102.16,CLEAR
821,-8.1,-13.3,66,15,25.0,102.21,CLEAR
822,-9.4,-13.9,70,9,25.0,102.27,CLEAR
823,-11.0,-14.7,74,7,48.3,102.25,CLEAR
824,-11.6,-15.6,72,9,48.3,102.31,CLEAR
825,-9.6,-14.1,70,13,48.3,102.37,CLEAR
826,-8.4,-13.7,66,6,48.3,102.32,CLEAR
827,-7.6,-13.6,62,0,48.3,102.29,CLEAR
828,-6.6,-13.2,59,4,48.3,102.21,CLEAR
829,-6.3,-12.7,60,13,48.3,102.11,CLEAR
830,-6.0,-12.7,59,6,48.3,102.05,CLEAR
831,-5.4,-12.6,57,11,48.3,102.01,CLEAR
832,-5.7,-12.8,57,9,48.3,101.99,CLEAR
833,-6.2,-13.5,56,11,48.3,101.97,CLEAR
834,-6.6,-13.7,57,9,25.0,101.96,CLEAR
835,-7.7,-14.0,61,7,25.0,101.97,CLEAR
836,-8.8,-14.4,64,6,25.0,101.97,CLEAR
837,-9.9,-14.5,69,6,25.0,101.97,CLEAR
838,-10.3,-14.9,69,0,25.0,101.93,CLEAR
839,-10.1,-14.3,71,0,25.0,101.89,CLEAR
840,-11.9,-15.3,76,6,25.0,101.89,CLEAR
841,-12.1,-15.0,79,6,25.0,101.87,CLEAR
842,-14.4,-17.1,80,6,25.0,101.88,CLEAR
843,-12.9,-15.7,79,6,25.0,101.86,CLEAR
844,-14.9,-17.9,78,6,25.0,101.86,CLEAR
845,-14.2,-17.0,79,7,25.0,101.91,CLEAR
846,-14.7,-17.5,79,4,19.3,101.93,CLEAR
847,-15.7,-18.6,78,4,24.1,101.93,CLEAR
848,-15.0,-17.5,81,4,24.1,101.95,CLEAR
849,-13.5,-16.1,81,0,24.1,101.97,CLEAR
852,-8.7,-11.7,79,9,24.1,101.82,CLEAR
853,-7.2,-12.1,68,13,24.1,101.72,CLEAR
893,-1.9,-8.4,61,15,25.0,101.14,CLEAR
895,-5.5,-12.6,57,17,24.1,101.39,CLEAR
896,-6.1,-12.8,59,17,24.1,101.53,CLEAR
897,-6.2,-13.3,57,19,24.1,101.64,CLEAR
898,-6.2,-13.4,57,19,24.1,101.69,CLEAR
899,-6.0,-13.7,54,11,24.1,101.74,CLEAR
900,-5.6,-13.1,55,13,24.1,101.73,CLEAR
901,-5.2,-14.3,49,15,24.1,101.73,CLEAR
902,-5.1,-15.1,45,15,24.1,101.79,CLEAR
903,-4.8,-15.4,43,19,24.1,101.85,CLEAR
904,-5.0,-16.4,40,22,24.1,101.88,CLEAR
905,-5.9,-17.6,39,19,48.3,101.94,CLEAR
906,-7.3,-17.4,44,11,25.0,102.03,CLEAR
907,-8.2,-17.8,46,9,25.0,102.09,CLEAR
908,-9.2,-18.4,47,11,25.0,102.12,CLEAR
909,-9.6,-18.9,47,13,25.0,102.15,CLEAR
910,-10.8,-20.1,46,9,25.0,102.21,CLEAR
911,-11.8,-20.8,47,9,25.0,102.21,CLEAR
912,-13.8,-21.5,52,4,25.0,102.21,CLEAR
913,-11.9,-20.6,48,9,25.0,102.21,CLEAR
914,-12.1,-20.4,50,6,25.0,102.2,CLEAR
915,-12.4,-20.4,51,11,25.0,102.15,CLEAR
916,-14.0,-21.0,55,4,25.0,102.13,CLEAR
917,-12.6,-21.2,49,0,25.0,102.11,CLEAR
918,-12.4,-21.1,48,9,25.0,102.06,CLEAR
919,-11.7,-18.0,59,15,24.1,102.07,CLEAR
920,-10.8,-17.0,60,13,48.3,102.09,CLEAR
921,-9.6,-15.1,64,15,48.3,102.07,CLEAR
922,-8.2,-14.6,60,17,48.3,102.04,CLEAR
923,-6.3,-13.7,56,17,48.3,101.93,CLEAR
924,-4.6,-12.9,52,20,48.3,101.76,CLEAR
925,-3.3,-12.9,47,32,48.3,101.63,CLEAR
926,-2.4,-12.2,47,24,48.3,101.54,CLEAR
927,-1.8,-12.8,43,32,48.3,101.45,CLEAR
928,-1.6,-11.9,45,22,48.3,101.37,CLEAR
929,-2.1,-12.0,47,17,48.3,101.31,CLEAR
930,-2.5,-12.6,46,19,24.1,101.27,CLEAR
931,-3.2,-12.4,49,22,25.0,101.28,CLEAR
932,-3.3,-12.1,51,22,25.0,101.26,CLEAR
933,-3.1,-10.3,57,26,25.0,101.25,CLEAR
934,-3.6,-8.6,68,17,25.0,101.22,CLEAR
935,-3.6,-8.1,71,20,25.0,101.19,CLEAR
936,-4.0,-8.3,72,13,25.0,101.17,CLEAR
937,-3.4,-7.9,71,13,25.0,101.16,CLEAR
938,-3.9,-8.0,73,11,25.0,101.17,CLEAR
939,-3.5,-7.9,72,24,25.0,101.12,CLEAR
940,-3.4,-8.0,70,26,25.0,101.1,CLEAR
941,-4.1,-8.3,73,20,25.0,101.11,CLEAR
942,-4.9,-8.9,73,20,25.0,101.13,CLEAR
943,-5.4,-9.1,75,17,24.1,101.19,CLEAR
944,-4.9,-8.8,74,20,24.1,101.23,CLEAR
945,-3.5,-8.0,71,22,24.1,101.25,CLEAR
946,-2.5,-7.8,67,28,24.1,101.26,CLEAR
947,-1.2,-7.3,63,24,24.1,101.27,CLEAR
948,-0.1,-7.3,58,24,48.3,101.19,CLEAR
949,0.7,-7.1,56,26,48.3,101.13,CLEAR
950,1.5,-6.3,56,30,24.1,101.05,CLEAR
951,2.4,-6.2,53,24,48.3,101.03,CLEAR
952,2.7,-6.5,51,22,48.3,101.01,CLEAR
953,2.0,-6.3,54,20,48.3,101.02,CLEAR
954,1.6,-6.6,54,22,24.1,101.06,CLEAR
955,0.4,-5.9,63,20,25.0,101.1,CLEAR
956,0.5,-6.6,59,17,25.0,101.11,CLEAR
957,0.2,-5.5,65,22,25.0,101.13,CLEAR
958,0.8,-4.7,67,28,25.0,101.11,CLEAR
959,0.1,-4.9,69,26,25.0,101.1,CLEAR
960,0.4,-3.5,75,22,25.0,101.12,CLEAR
961,0.1,-4.1,73,19,25.0,101.13,CLEAR
962,0.0,-4.3,73,22,25.0,101.15,CLEAR
963,-1.0,-4.3,78,17,25.0,101.13,CLEAR
964,-0.8,-4.4,77,20,25.0,101.1,CLEAR
965,-0.8,-4.3,77,22,25.0,101.07,CLEAR
966,-0.7,-4.0,78,22,25.0,101.07,CLEAR
998,-11.3,-17.4,61,6,48.3,100.76,CLEAR
999,-10.8,-18.8,52,11,48.3,100.73,CLEAR
1000,-10.4,-18.3,52,6,48.3,100.7,CLEAR
1001,-10.5,-17.0,59,4,25.0,100.68,CLEAR
1002,-12.8,-17.9,66,4,25.0,100.72,CLEAR
1003,-14.0,-21.2,54,7,25.0,100.74,CLEAR
1004,-14.4,-19.9,63,9,25.0,100.73,CLEAR
1005,-13.9,-18.6,68,7,25.0,100.71,CLEAR
1006,-13.5,-18.2,68,6,25.0,100.7,CLEAR
1007,-14.5,-20.8,59,13,25.0,100.68,CLEAR
1008,-15.0,-22.4,53,11,25.0,100.66,CLEAR
1010,-15.9,-23.7,51,6,25.0,100.6,CLEAR
1011,-16.8,-23.9,54,9,25.0,100.57,CLEAR
1019,-16.1,-25.3,45,20,48.3,100.72,CLEAR
1020,-14.8,-23.8,46,24,48.3,100.61,CLEAR
1021,-13.9,-23.2,45,20,48.3,100.55,CLEAR
1022,-13.2,-23.0,44,26,48.3,100.52,CLEAR
1023,-12.5,-22.8,42,28,48.3,100.51,CLEAR
1024,-12.0,-21.9,44,32,48.3,100.54,CLEAR
1025,-12.0,-22.1,43,26,25.0,100.56,CLEAR
1057,-11.9,-16.0,72,13,25.0,100.86,CLEAR
1058,-12.9,-17.9,66,11,25.0,100.93,CLEAR
1062,-14.2,-19.6,64,6,25.0,101.04,CLEAR
1063,-13.7,-19.9,59,7,24.1,101.07,CLEAR
1064,-13.6,-20.0,58,9,24.1,101.12,CLEAR
1065,-11.6,-18.0,59,4,24.1,101.12,CLEAR
1066,-8.8,-14.3,64,4,24.1,101.15,CLEAR
1077,-0.6,-6.0,67,7,25.0,101.18,CLEAR
1114,2.7,-1.1,76,11,24.1,101.83,CLEAR
1150,1.2,-3.9,69,15,25.0,100.72,CLEAR
1151,0.9,-4.1,69,26,25.0,100.7,CLEAR
1152,0.7,-3.9,71,24,25.0,100.71,CLEAR
1153,0.7,-4.5,68,22,25.0,100.71,CLEAR
1154,0.3,-4.4,71,22,25.0,100.74,CLEAR
1161,-0.6,-5.4,70,24,48.3,100.85,CLEAR
1171,-0.6,-7.8,58,11,25.0,100.99,CLEAR
1172,-1.7,-7.8,63,11,25.0,101.09,CLEAR
1173,-2.4,-8.1,65,9,25.0,101.16,CLEAR
1174,-3.5,-8.3,69,9,25.0,101.21,CLEAR
1175,-3.9,-8.7,69,9,25.0,101.29,CLEAR
1176,-3.9,-8.8,69,13,25.0,101.37,CLEAR
1177,-4.5,-9.8,66,19,25.0,101.46,CLEAR
1178,-5.2,-10.2,68,9,25.0,101.49,CLEAR
1179,-6.0,-10.3,72,0,25.0,101.43,CLEAR
1180,-5.8,-10.5,69,7,25.0,101.44,CLEAR
1181,-5.9,-9.7,74,9,25.0,101.48,CLEAR
1182,-6.7,-10.3,76,6,25.0,101.5,CLEAR
1183,-6.3,-10.5,72,7,25.0,101.53,CLEAR
1188,-3.2,-9.0,64,17,48.3,101.56,CLEAR
1189,-2.7,-8.6,64,19,48.3,101.51,CLEAR
1190,-2.3,-9.5,58,15,48.3,101.45,CLEAR
1191,-1.6,-9.3,56,17,48.3,101.43,CLEAR
1192,-1.6,-9.7,54,20,48.3,101.37,CLEAR
1193,-2.1,-9.8,56,15,48.3,101.36,CLEAR
1194,-2.9,-9.8,59,13,48.3,101.39,CLEAR
1195,-3.2,-10.0,59,15,25.0,101.43,CLEAR
1196,-3.8,-10.1,62,13,25.0,101.47,CLEAR
1197,-4.8,-10.0,67,11,25.0,101.51,CLEAR
1198,-5.4,-10.2,69,9,25.0,101.52,CLEAR
1199,-6.3,-11.8,65,7,25.0,101.52,CLEAR
1200,-6.7,-12.4,64,4,25.0,101.55,CLEAR
1201,-7.6,-12.6,67,0,25.0,101.63,CLEAR
1202,-8.8,-12.3,76,4,25.0,101.66,CLEAR
1203,-8.8,-12.7,73,7,25.0,101.68,CLEAR
1204,-9.8,-13.0,77,6,25.0,101.69,CLEAR
1205,-10.2,-13.7,75,6,25.0,101.77,CLEAR
1206,-10.7,-14.3,75,4,25.0,101.81,CLEAR
1207,-11.0,-14.4,76,4,24.1,101.87,CLEAR
1208,-9.9,-14.4,70,4,48.3,101.98,CLEAR
1214,-3.1,-10.5,57,17,48.3,102.07,CLEAR
1216,-1.8,-8.5,60,20,48.3,102.06,CLEAR
1217,-1.9,-8.9,59,17,48.3,102.08,CLEAR
1218,-3.2,-8.8,65,9,48.3,102.1,CLEAR
1219,-3.6,-8.7,68,7,25.0,102.13,CLEAR
1220,-4.0,-9.0,68,6,25.0,102.16,CLEAR
1221,-3.5,-8.9,66,6,25.0,102.18,CLEAR
1222,-3.3,-8.8,66,0,25.0,102.2,CLEAR
1223,-5.8,-9.3,76,4,25.0,102.2,CLEAR
1224,-4.0,-8.1,73,9,25.0,102.21,CLEAR
1225,-4.3,-8.4,73,6,25.0,102.18,CLEAR
1226,-4.1,-8.1,74,7,25.0,102.21,CLEAR
1227,-5.3,-8.9,76,4,25.0,102.19,CLEAR
1228,-5.2,-8.2,79,4,25.0,102.12,CLEAR
1229,-6.1,-8.6,82,7,25.0,102.05,CLEAR
1230,-6.1,-8.9,81,6,25.0,102.03,CLEAR
1231,-6.2,-9.1,80,7,48.3,102.03,CLEAR
1264,2.9,0.3,83,19,24.1,99.31,CLEAR
1267,1.9,-0.2,86,6,25.0,99.34,CLEAR
1280,0.4,-1.6,86,7,19.3,99.26,CLEAR
1282,1.6,-1.9,78,19,24.1,99.38,CLEAR
1290,1.6,-3.8,67,15,24.1,99.9,CLEAR
1291,1.6,-4.8,62,19,25.0,100.05,CLEAR
1292,1.1,-5.0,64,15,25.0,100.12,CLEAR
1293,0.5,-5.2,66,13,25.0,100.23,CLEAR
1294,-0.2,-5.4,68,9,25.0,100.28,CLEAR
1295,-1.0,-5.2,73,7,25.0,100.31,CLEAR
1296,-0.9,-5.1,73,6,25.0,100.34,CLEAR
1297,-1.7,-5.1,78,4,25.0,100.29,CLEAR
1298,-1.8,-5.4,76,0,25.0,100.2,CLEAR
1299,-3.8,-6.1,84,0,25.0,100.29,CLEAR
1345,-9.0,-14.5,64,20,25.0,101.09,CLEAR
1346,-9.2,-14.6,65,22,25.0,101.26,CLEAR
1347,-9.9,-15.1,66,28,25.0,101.42,CLEAR
1349,-11.6,-15.9,70,20,25.0,101.77,CLEAR
1350,-11.3,-16.8,64,22,25.0,101.92,CLEAR
1351,-12.1,-17.8,62,22,48.3,102.07,CLEAR
1352,-12.1,-18.0,61,26,48.3,102.23,CLEAR
1353,-11.6,-18.6,56,32,48.3,102.32,CLEAR
1354,-11.2,-20.3,47,22,48.3,102.35,CLEAR
1355,-10.1,-20.1,44,26,48.3,102.39,CLEAR
1356,-9.3,-18.6,47,28,48.3,102.42,CLEAR
1357,-8.3,-17.4,48,26,48.3,102.41,CLEAR
1358,-7.6,-17.2,46,28,48.3,102.42,CLEAR
1359,-7.1,-16.3,48,26,48.3,102.49,CLEAR
1360,-6.8,-16.4,46,24,48.3,102.52,CLEAR
1399,-8.1,-13.4,66,19,24.1,102.35,CLEAR
1400,-8.4,-13.7,66,19,24.1,102.5,CLEAR
1401,-8.3,-13.8,64,20,48.3,102.63,CLEAR
1402,-7.5,-13.6,62,13,24.1,102.65,CLEAR
1403,-6.5,-13.1,59,9,48.3,102.69,CLEAR
1404,-5.8,-13.3,55,11,48.3,102.65,CLEAR
1405,-5.5,-12.3,59,17,48.3,102.62,CLEAR
1409,-4.4,-12.6,53,15,48.3,102.53,CLEAR
1410,-5.3,-12.5,57,17,24.1,102.56,CLEAR
1411,-5.9,-12.9,58,7,25.0,102.58,CLEAR
1412,-6.8,-13.4,59,11,25.0,102.56,CLEAR
1413,-8.7,-14.6,62,11,25.0,102.53,CLEAR
1414,-8.3,-14.0,63,0,25.0,102.52,CLEAR
1415,-10.0,-15.3,65,9,25.0,102.52,CLEAR
1416,-8.2,-13.8,64,9,25.0,102.51,CLEAR
1417,-9.5,-14.8,65,4,25.0,102.47,CLEAR
1418,-9.7,-13.9,71,4,25.0,102.46,CLEAR
1419,-11.5,-14.7,77,0,25.0,102.45,CLEAR
1420,-10.3,-14.2,73,7,25.0,102.41,CLEAR
1421,-13.1,-16.0,79,0,25.0,102.4,CLEAR
1422,-12.2,-15.2,78,0,25.0,102.41,CLEAR
1423,-11.7,-14.6,79,9,24.1,102.4,CLEAR
1494,1.5,-1.6,80,43,25.0,99.02,CLEAR
1504,5.0,-5.0,48,63,48.3,98.67,CLEAR
1505,4.3,-4.9,51,57,48.3,98.71,CLEAR
1507,3.4,-4.0,58,44,25.0,98.92,CLEAR
1508,3.2,-3.9,60,50,25.0,98.96,CLEAR
1525,-5.5,-12.8,56,19,48.3,99.88,CLEAR
1528,-5.5,-13.3,54,20,48.3,99.93,CLEAR
1529,-6.9,-14.6,54,22,48.3,99.94,CLEAR
1530,-7.9,-15.7,53,28,25.0,100.04,CLEAR
1536,-12.4,-17.4,66,19,25.0,100.26,CLEAR
1537,-13.6,-18.5,66,24,25.0,100.33,CLEAR
1538,-14.5,-22.3,52,24,25.0,100.39,CLEAR
1539,-15.0,-21.5,58,22,25.0,100.47,CLEAR
1540,-15.5,-21.9,58,26,25.0,100.55,CLEAR
1541,-15.9,-22.1,59,20,25.0,100.69,CLEAR
1553,-9.5,-18.8,47,24,48.3,101.82,CLEAR
1554,-9.8,-19.0,47,22,25.0,101.9,CLEAR
1555,-10.1,-19.1,48,20,25.0,102.01,CLEAR
1556,-10.5,-19.2,49,17,25.0,102.11,CLEAR
1557,-11.0,-19.6,49,17,25.0,102.23,CLEAR
1558,-11.6,-20.2,49,15,25.0,102.29,CLEAR
1559,-12.6,-20.3,53,11,25.0,102.34,CLEAR
1560,-13.4,-20.5,55,11,25.0,102.41,CLEAR
1561,-13.4,-20.3,56,11,25.0,102.5,CLEAR
1562,-13.7,-20.7,55,4,25.0,102.55,CLEAR
1563,-14.8,-21.1,59,9,25.0,102.61,CLEAR
1564,-14.5,-21.1,57,9,25.0,102.7,CLEAR
1565,-14.6,-21.0,58,13,25.0,102.85,CLEAR
1566,-15.3,-21.3,60,11,24.1,102.9,CLEAR
1567,-14.8,-20.7,61,11,48.3,103.0,CLEAR
1568,-13.0,-19.4,59,0,48.3,103.06,CLEAR
1569,-11.3,-19.1,52,6,48.3,103.1,CLEAR
1570,-10.0,-16.8,57,9,48.3,103.12,CLEAR
1571,-9.0,-17.8,49,15,48.3,103.12,CLEAR
1572,-7.8,-15.3,55,13,48.3,103.09,CLEAR
1573,-6.7,-16.0,48,9,48.3,103.01,CLEAR
1574,-5.8,-15.8,45,9,48.3,102.98,CLEAR
1575,-5.3,-15.7,44,6,48.3,102.96,CLEAR
1576,-4.9,-16.2,41,11,48.3,102.94,CLEAR
1577,-4.8,-15.1,44,6,48.3,102.9,CLEAR
1578,-6.3,-14.6,52,6,48.3,102.84,CLEAR
1580,-5.3,-13.6,52,9,25.0,102.72,CLEAR
1593,-2.5,-7.7,67,11,24.1,101.85,CLEAR
1594,-0.1,-6.5,62,6,24.1,101.76,CLEAR
1595,3.0,-4.7,57,6,24.1,101.67,CLEAR
1596,6.4,-3.6,49,4,24.1,101.58,CLEAR
1597,8.9,-4.4,39,13,24.1,101.49,CLEAR
1598,9.3,-4.1,39,13,24.1,101.41,CLEAR
1599,9.7,-2.7,42,13,24.1,101.36,CLEAR
1602,5.5,-1.6,60,7,24.1,101.25,CLEAR
1634,-1.2,-6.6,67,20,25.0,100.62,CLEAR
1635,-2.6,-8.5,64,24,25.0,100.81,CLEAR
1636,-3.9,-8.7,69,11,25.0,100.97,CLEAR
1637,-3.9,-9.1,67,20,25.0,101.13,CLEAR
1638,-4.3,-9.0,70,15,25.0,101.26,CLEAR
1639,-5.0,-9.7,70,15,24.1,101.31,CLEAR
1640,-4.7,-10.2,65,15,24.1,101.41,CLEAR
1641,-4.0,-9.5,66,20,24.1,101.46,CLEAR
1642,-3.7,-10.1,61,19,48.3,101.48,CLEAR
1643,-3.0,-10.0,58,17,48.3,101.47,CLEAR
1644,-2.1,-8.5,62,20,48.3,101.44,CLEAR
1645,-1.5,-8.8,57,15,48.3,101.42,CLEAR
1646,-1.0,-7.6,61,19,48.3,101.43,CLEAR
1650,-2.0,-8.7,60,7,25.0,101.52,CLEAR
1660,-5.7,-13.1,56,26,25.0,102.27,CLEAR
1661,-6.4,-14.0,55,20,25.0,102.42,CLEAR
1663,-7.1,-14.6,55,20,48.3,102.73,CLEAR
1664,-6.8,-14.6,54,19,48.3,102.84,CLEAR
1666,-6.1,-14.5,51,6,48.3,103.01,CLEAR
1667,-4.0,-13.2,49,0,48.3,103.02,CLEAR
1668,-4.1,-12.1,54,7,48.3,102.99,CLEAR
1669,-3.2,-11.3,53,7,48.3,102.89,CLEAR
1672,-1.8,-10.3,52,13,48.3,102.71,CLEAR
1673,-1.6,-10.0,53,17,48.3,102.68,CLEAR
1674,-2.1,-10.1,54,9,25.0,102.66,CLEAR
1675,-1.9,-9.4,56,9,25.0,102.67,CLEAR
1680,-3.1,-7.2,73,7,25.0,102.36,CLEAR
1681,-3.2,-6.9,76,7,25.0,102.28,CLEAR
1682,-3.1,-7.1,74,7,25.0,102.18,CLEAR
1685,-2.1,-7.0,69,11,25.0,101.98,CLEAR
1687,-1.8,-6.9,68,11,48.3,101.97,CLEAR
1688,0.1,-6.2,63,7,48.3,102.0,CLEAR
1689,2.7,-5.9,53,7,48.3,101.98,CLEAR
1690,3.8,-5.7,50,13,48.3,101.97,CLEAR
1691,5.9,-4.2,48,11,48.3,101.92,CLEAR
1692,6.8,-3.2,49,24,48.3,101.86,CLEAR
1693,9.0,-1.9,46,20,48.3,101.79,CLEAR
1694,9.5,-1.6,46,24,48.3,101.74,CLEAR
1695,10.5,-1.3,44,20,48.3,101.69,CLEAR
1696,10.9,-0.7,45,15,48.3,101.65,CLEAR
1697,10.7,-0.6,45,11,48.3,101.65,CLEAR
1698,9.1,-1.0,49,7,25.0,101.68,CLEAR
1699,7.4,-1.2,54,6,25.0,101.69,CLEAR
1700,4.8,-1.5,64,9,48.3,101.7,CLEAR
1701,4.8,-1.6,63,13,25.0,101.72,CLEAR
1702,5.2,-1.9,60,6,25.0,101.72,CLEAR
1703,6.1,-2.0,56,7,25.0,101.75,CLEAR
1704,6.0,-1.8,57,20,25.0,101.77,CLEAR
1705,5.2,-1.8,61,17,25.0,101.77,CLEAR
1706,4.6,-2.1,62,9,25.0,101.77,CLEAR
1707,1.5,-2.8,73,11,25.0,101.78,CLEAR
1708,1.8,-2.6,73,4,25.0,101.8,CLEAR
1709,2.3,-1.9,74,9,25.0,101.82,CLEAR
1710,3.1,-1.8,70,11,48.3,101.89,CLEAR
1711,2.6,-2.3,70,4,48.3,101.98,CLEAR
1712,4.4,-1.0,68,6,48.3,102.03,CLEAR
1846,7.7,4.9,82,0,25.0,101.77,CLEAR
1847,6.7,4.7,87,7,25.0,101.78,CLEAR
1848,3.8,2.8,93,4,25.0,101.75,CLEAR
1850,4.3,3.0,91,6,25.0,101.71,CLEAR
1851,3.9,2.4,90,7,25.0,101.66,CLEAR
1852,3.2,2.3,94,6,25.0,101.69,CLEAR
1853,3.5,2.4,92,6,25.0,101.7,CLEAR
1854,3.6,2.6,93,7,24.1,101.72,CLEAR
1855,5.1,3.7,91,4,48.3,101.78,CLEAR
1856,8.8,5.8,81,11,48.3,101.79,CLEAR
1857,10.4,6.6,77,11,48.3,101.81,CLEAR
1858,11.9,6.7,70,13,48.3,101.78,CLEAR
1859,14.1,7.6,65,13,48.3,101.71,CLEAR
1860,17.3,8.7,57,11,48.3,101.63,CLEAR
1861,20.0,9.9,52,15,48.3,101.55,CLEAR
1862,21.7,10.5,49,13,48.3,101.45,CLEAR
1863,22.2,10.4,47,15,48.3,101.39,CLEAR
1864,22.7,10.7,47,11,48.3,101.35,CLEAR
1867,17.1,9.8,62,0,25.0,101.3,CLEAR
1868,12.8,8.6,76,7,25.0,101.34,CLEAR
1869,13.4,9.2,76,4,25.0,101.37,CLEAR
1870,12.6,8.9,78,7,25.0,101.39,CLEAR
1871,10.6,7.9,83,6,25.0,101.37,CLEAR
1872,9.8,7.6,86,6,25.0,101.37,CLEAR
1873,10.8,8.5,86,6,25.0,101.39,CLEAR
1874,10.6,8.6,87,4,25.0,101.42,CLEAR
1875,10.2,8.3,88,11,25.0,101.42,CLEAR
1876,11.2,9.0,86,6,25.0,101.49,CLEAR
1877,9.7,8.1,90,7,25.0,101.5,CLEAR
1878,11.3,9.4,88,4,24.1,101.56,CLEAR
1881,13.9,10.5,80,6,12.9,101.71,CLEAR
1882,15.6,11.0,74,6,16.1,101.75,CLEAR
1883,17.8,11.6,67,4,16.1,101.75,CLEAR
1884,19.8,12.0,61,4,19.3,101.75,CLEAR
1885,18.5,11.0,62,19,19.3,101.72,CLEAR
1886,17.0,9.9,63,15,24.1,101.72,CLEAR
1887,16.3,10.0,66,17,24.1,101.71,CLEAR
1888,16.6,9.7,64,11,24.1,101.66,CLEAR
1889,15.9,9.1,64,13,24.1,101.66,CLEAR
1890,13.9,7.9,67,19,24.1,101.67,CLEAR
1891,12.5,6.7,68,15,25.0,101.71,CLEAR
1892,10.6,5.4,70,13,25.0,101.8,CLEAR
1893,9.5,4.1,69,15,25.0,101.8,CLEAR
1894,8.8,2.7,66,17,25.0,101.83,CLEAR
1895,7.2,1.8,69,9,25.0,101.86,CLEAR
1896,7.1,1.0,65,11,25.0,101.85,CLEAR
1897,6.1,0.7,68,11,25.0,101.85,CLEAR
1898,5.7,0.4,69,11,25.0,101.85,CLEAR
1899,5.2,0.2,70,7,25.0,101.86,CLEAR
1900,5.2,-0.2,68,4,25.0,101.88,CLEAR
1901,5.0,-0.3,69,7,25.0,101.92,CLEAR
1902,3.2,-0.6,76,4,24.1,101.97,CLEAR
1903,5.5,-0.1,67,4,24.1,102.0,CLEAR
41,-2.1,-9.5,57,22,25.0,99.66,SNOW
44,-5.6,-13.4,54,24,25.0,100.07,SNOW
45,-5.8,-12.8,58,26,25.0,100.15,SNOW
47,-7.4,-14.1,59,17,19.3,100.27,SNOW
48,-9.0,-16.0,57,28,25.0,100.35,SNOW
50,-10.5,-15.8,65,22,12.9,100.53,SNOW
51,-11.3,-18.7,54,33,25.0,100.61,SNOW
53,-12.9,-19.1,60,22,25.0,100.76,SNOW
54,-13.3,-19.3,61,19,25.0,100.85,SNOW
55,-14.0,-19.5,63,19,25.0,100.95,SNOW
84,-13.7,-21.7,51,11,24.1,101.25,SNOW
86,-11.3,-19.0,53,7,19.3,100.97,SNOW
87,-10.2,-16.3,61,11,9.7,100.89,SNOW
88,-9.4,-15.5,61,13,19.3,100.79,SNOW
89,-8.9,-13.2,71,9,4.8,100.76,SNOW
90,-8.9,-12.6,75,11,9.7,100.69,SNOW
91,-8.4,-12.7,71,9,16.1,100.65,SNOW
92,-7.8,-12.1,71,9,16.1,100.61,SNOW
93,-7.6,-11.6,73,7,11.3,100.54,SNOW
94,-9.5,-12.7,77,6,9.7,100.5,SNOW
95,-9.6,-12.6,79,6,9.7,100.42,SNOW
96,-8.8,-11.7,79,4,9.7,100.32,SNOW
97,-7.5,-10.2,81,0,9.7,100.29,SNOW
98,-5.4,-8.3,80,9,8.0,100.28,SNOW
99,-5.0,-7.7,81,11,9.7,100.24,SNOW
100,-4.1,-6.5,83,9,4.8,100.21,SNOW
101,-7.0,-9.5,82,4,4.0,100.19,SNOW
102,-8.2,-10.7,82,6,6.4,100.26,SNOW
103,-7.1,-9.7,82,9,9.7,100.31,SNOW
104,-6.1,-9.1,79,11,9.7,100.39,SNOW
123,-10.6,-16.0,64,0,9.7,100.76,SNOW
124,-11.3,-16.1,68,15,3.2,100.7,SNOW
125,-11.8,-16.0,71,19,2.8,100.61,SNOW
126,-12.0,-16.2,71,22,4.8,100.58,SNOW
127,-14.4,-16.3,85,22,2.4,100.52,SNOW
128,-12.3,-16.2,73,24,11.3,100.51,SNOW
129,-12.5,-16.7,71,26,19.3,100.53,SNOW
130,-12.3,-16.3,72,28,16.1,100.47,SNOW
131,-12.0,-16.0,72,17,24.1,100.36,SNOW
132,-11.7,-15.4,74,28,19.3,100.23,SNOW
133,-11.9,-15.6,74,20,24.1,100.13,SNOW
134,-11.2,-14.8,75,19,19.3,100.07,SNOW
135,-11.5,-14.4,79,19,12.9,100.06,SNOW
136,-11.6,-14.7,78,19,19.3,100.1,SNOW
137,-11.2,-14.3,78,17,25.0,100.15,SNOW
158,-4.4,-6.9,83,6,8.0,100.09,SNOW
159,-3.7,-6.1,83,11,8.0,100.09,SNOW
160,-3.6,-5.9,84,0,8.0,100.15,SNOW
161,-3.1,-5.4,84,13,8.0,100.27,SNOW
162,-3.2,-5.3,85,6,9.7,100.33,SNOW
163,-3.0,-5.0,86,6,8.0,100.41,SNOW
164,-1.8,-3.7,87,4,9.7,100.48,SNOW
165,-1.3,-3.1,88,0,6.4,100.5,SNOW
167,0.4,-1.5,87,22,9.7,100.62,SNOW
176,-5.9,-10.7,69,11,24.1,101.7,SNOW
177,-6.4,-11.9,65,17,24.1,101.81,SNOW
178,-6.5,-11.6,67,17,9.7,101.89,SNOW
179,-7.1,-12.6,65,22,24.1,101.92,SNOW
180,-6.7,-11.9,66,15,24.1,101.9,SNOW
200,-5.9,-10.5,70,13,16.1,101.74,SNOW
201,-5.4,-9.2,75,11,12.9,101.68,SNOW
202,-4.8,-8.3,76,9,16.1,101.64,SNOW
203,-3.7,-7.2,77,7,24.1,101.54,SNOW
217,2.3,-3.4,66,35,25.0,100.28,SNOW
218,1.4,-2.5,75,19,6.4,100.23,SNOW
219,1.6,-2.0,77,28,25.0,100.16,SNOW
222,0.7,-1.2,87,30,8.0,100.04,SNOW
223,1.5,-0.7,85,20,8.0,100.08,SNOW
271,-7.3,-12.7,65,28,16.1,100.69,SNOW
272,-7.1,-11.3,72,33,6.4,100.61,SNOW
273,-6.8,-10.5,75,33,3.2,100.54,SNOW
274,-6.2,-9.6,77,35,4.8,100.46,SNOW
275,-6.0,-9.5,76,32,2.0,100.35,SNOW
276,-5.8,-8.9,79,32,4.8,100.22,SNOW
277,-5.8,-8.6,81,33,1.2,100.09,SNOW
278,-5.7,-8.5,81,28,1.2,99.97,SNOW
279,-5.2,-7.6,83,26,0.8,99.9,SNOW
280,-4.9,-7.3,83,33,0.6,99.88,SNOW
281,-5.1,-7.6,83,33,1.0,99.83,SNOW
282,-5.4,-8.1,81,35,1.2,99.76,SNOW
283,-5.0,-7.6,82,30,4.0,99.72,SNOW
284,-5.0,-7.8,81,28,6.4,99.64,SNOW
285,-4.7,-7.6,80,24,6.4,99.56,SNOW
286,-4.1,-6.8,81,26,25.0,99.47,SNOW
287,-4.6,-7.0,83,28,3.2,99.4,SNOW
288,-5.1,-7.5,83,28,2.4,99.3,SNOW
289,-5.0,-7.7,81,24,4.8,99.24,SNOW
290,-4.8,-7.5,81,22,25.0,99.22,SNOW
291,-4.5,-6.9,83,19,4.8,99.19,SNOW
300,-4.8,-7.5,81,24,2.0,98.07,SNOW
301,-4.9,-7.3,83,20,1.2,97.99,SNOW
302,-4.8,-7.0,85,6,2.0,98.07,SNOW
303,-4.3,-6.5,85,13,8.0,98.1,SNOW
304,-3.7,-6.0,84,11,6.4,98.16,SNOW
305,-2.9,-4.8,87,15,1.6,98.23,SNOW
306,-1.7,-3.3,89,26,16.1,98.32,SNOW
307,-2.5,-4.5,86,33,2.0,98.6,SNOW
308,-3.2,-5.1,87,32,2.0,98.89,SNOW
309,-4.8,-7.9,79,37,4.8,99.09,SNOW
310,-5.5,-10.1,70,32,12.9,99.28,SNOW
311,-7.6,-11.2,75,35,9.7,99.51,SNOW
312,-8.9,-13.1,72,39,9.7,99.67,SNOW
313,-9.7,-14.3,69,24,12.9,99.85,SNOW
314,-11.2,-15.5,70,28,9.7,100.01,SNOW
315,-12.0,-16.2,71,24,8.0,100.16,SNOW
316,-13.4,-18.9,63,20,16.1,100.26,SNOW
389,-8.3,-10.4,85,6,3.6,100.75,SNOW
390,-7.7,-9.9,84,6,2.4,100.72,SNOW
391,-7.5,-9.6,85,9,2.0,100.69,SNOW
392,-7.4,-9.6,84,9,2.4,100.65,SNOW
393,-7.0,-9.5,82,15,4.0,100.59,SNOW
394,-6.5,-9.0,82,15,1.2,100.6,SNOW
395,-6.1,-8.5,83,15,2.4,100.53,SNOW
396,-5.3,-7.9,82,19,2.8,100.38,SNOW
397,-5.1,-7.7,82,22,2.4,100.23,SNOW
398,-4.3,-6.5,85,22,1.6,100.05,SNOW
399,-3.7,-6.0,84,24,1.2,99.9,SNOW
400,-3.5,-6.0,83,28,1.2,99.69,SNOW
401,-3.6,-5.9,84,22,1.6,99.57,SNOW
402,-3.5,-5.8,84,22,2.4,99.38,SNOW
403,-3.3,-5.6,84,24,4.8,99.22,SNOW
412,-6.1,-10.9,69,48,25.0,99.36,SNOW
413,-7.7,-12.4,69,46,19.3,99.7,SNOW
451,-3.6,-12.7,49,30,25.0,100.61,SNOW
452,-3.7,-11.9,53,30,16.1,100.63,SNOW
453,-5.0,-8.4,77,24,2.0,100.6,SNOW
454,-4.2,-9.3,68,32,25.0,100.51,SNOW
455,-4.1,-8.9,69,26,25.0,100.47,SNOW
457,-4.1,-8.3,73,20,25.0,100.54,SNOW
458,-3.9,-8.1,73,22,9.7,100.64,SNOW
460,-6.0,-10.2,72,19,16.1,100.87,SNOW
461,-6.3,-12.2,63,33,25.0,100.98,SNOW
489,-15.9,-21.0,65,13,24.1,102.11,SNOW
490,-16.3,-21.4,65,17,24.1,102.12,SNOW
491,-15.9,-21.2,64,19,24.1,102.09,SNOW
567,1.9,-2.2,74,26,19.3,100.8,SNOW
569,1.6,-2.8,73,26,24.1,100.88,SNOW
570,1.5,-2.9,72,22,25.0,100.95,SNOW
571,1.5,-3.2,71,32,25.0,101.01,SNOW
575,1.0,-3.4,72,28,25.0,101.16,SNOW
620,-4.6,-13.0,52,17,25.0,101.15,SNOW
621,-5.2,-12.1,58,20,25.0,100.99,SNOW
622,-5.3,-10.2,68,22,16.1,100.92,SNOW
623,-5.8,-9.1,77,22,6.4,100.81,SNOW
624,-5.7,-8.8,79,28,4.8,100.68,SNOW
625,-5.5,-8.3,81,24,2.4,100.58,SNOW
626,-5.5,-8.2,81,26,3.2,100.47,SNOW
627,-5.3,-8.1,81,28,4.0,100.33,SNOW
628,-4.9,-7.6,81,26,2.4,100.13,SNOW
629,-4.0,-6.6,82,22,16.1,99.98,SNOW
630,-2.1,-4.2,86,19,19.3,99.8,SNOW
641,-0.6,-2.3,88,22,2.8,98.97,SNOW
642,-0.3,-1.8,90,11,2.4,99.13,SNOW
643,0.1,-1.6,88,30,12.9,99.31,SNOW
649,-0.2,-2.9,82,22,25.0,100.34,SNOW
667,2.2,-2.6,71,19,19.3,100.09,SNOW
668,1.7,-1.2,81,24,19.3,100.05,SNOW
722,-6.5,-13.1,59,11,25.0,101.81,SNOW
723,-6.8,-12.4,64,15,19.3,101.76,SNOW
724,-7.1,-12.4,66,17,8.0,101.71,SNOW
725,-7.1,-12.2,67,17,9.7,101.7,SNOW
726,-7.0,-11.8,69,13,6.4,101.65,SNOW
727,-9.6,-13.5,73,17,12.9,101.6,SNOW
728,-9.8,-13.9,72,19,16.1,101.61,SNOW
729,-10.1,-14.4,71,17,24.1,101.59,SNOW
732,-8.6,-13.3,69,22,4.0,101.36,SNOW
733,-8.3,-12.3,73,20,1.6,101.29,SNOW
734,-8.4,-12.1,75,20,1.2,101.23,SNOW
735,-8.2,-12.0,74,17,1.0,101.22,SNOW
736,-8.0,-11.5,76,20,1.0,101.2,SNOW
737,-7.7,-11.1,77,19,1.0,101.19,SNOW
738,-7.8,-11.2,77,20,1.6,101.18,SNOW
739,-7.7,-10.9,78,19,1.6,101.14,SNOW
740,-7.4,-10.7,77,20,1.6,101.09,SNOW
742,-7.1,-10.4,77,19,9.7,100.95,SNOW
743,-6.8,-9.9,79,22,9.7,100.86,SNOW
744,-6.7,-9.7,79,19,11.3,100.82,SNOW
745,-6.7,-9.5,80,15,9.7,100.69,SNOW
761,-4.3,-7.1,81,0,6.4,100.61,SNOW
762,-4.0,-6.9,80,0,4.0,100.68,SNOW
763,-3.9,-6.7,81,6,4.0,100.78,SNOW
764,-3.6,-6.4,81,4,4.8,100.85,SNOW
765,-4.3,-7.2,80,15,4.0,100.99,SNOW
766,-5.0,-8.2,78,15,12.9,101.12,SNOW
767,-4.9,-8.1,78,0,12.9,101.22,SNOW
768,-5.0,-8.2,78,7,12.9,101.32,SNOW
770,-6.3,-9.6,77,4,16.1,101.45,SNOW
771,-5.6,-9.1,76,6,25.0,101.52,SNOW
772,-5.5,-8.8,78,4,16.1,101.59,SNOW
773,-5.2,-9.5,72,9,16.1,101.62,SNOW
774,-6.0,-11.8,63,13,25.0,101.63,SNOW
775,-6.9,-12.8,63,22,24.1,101.67,SNOW
776,-7.6,-13.2,64,19,12.9,101.74,SNOW
777,-7.7,-13.6,63,19,19.3,101.82,SNOW
789,-7.2,-11.0,74,4,25.0,102.26,SNOW
790,-8.0,-11.5,76,7,25.0,102.29,SNOW
803,-6.3,-10.0,75,11,6.4,102.57,SNOW
804,-6.2,-9.5,77,11,16.1,102.46,SNOW
805,-4.8,-8.3,76,6,16.1,102.34,SNOW
806,-3.8,-7.4,76,7,16.1,102.27,SNOW
807,-2.9,-7.8,69,19,19.3,102.25,SNOW
808,-3.3,-7.3,74,13,16.1,102.21,SNOW
810,-3.7,-7.1,77,7,19.3,102.17,SNOW
811,-3.8,-7.2,77,9,25.0,102.17,SNOW
815,-3.7,-6.7,80,6,25.0,102.03,SNOW
816,-4.5,-6.8,84,9,2.0,102.02,SNOW
866,0.1,-4.7,70,32,25.0,100.75,SNOW
868,0.8,-3.7,72,35,25.0,100.68,SNOW
891,0.8,-5.0,65,19,25.0,100.94,SNOW
980,-0.2,-5.2,69,15,25.0,100.88,SNOW
982,-0.7,-3.0,84,11,16.1,100.78,SNOW
983,-0.9,-2.4,90,6,9.7,100.76,SNOW
984,-1.4,-2.3,94,9,6.4,100.78,SNOW
985,-7.4,-8.9,89,24,3.6,100.83,SNOW
986,-8.6,-11.0,83,30,8.0,100.91,SNOW
987,-9.5,-12.4,79,22,6.4,100.93,SNOW
988,-10.8,-13.4,81,22,16.1,100.98,SNOW
989,-11.5,-14.4,79,20,16.1,100.99,SNOW
990,-12.2,-14.8,81,24,9.7,101.0,SNOW
991,-13.0,-15.7,80,20,12.9,100.96,SNOW
992,-13.7,-17.1,75,20,16.1,101.01,SNOW
994,-13.4,-18.8,64,19,24.1,101.05,SNOW
995,-13.1,-18.8,62,11,24.1,101.03,SNOW
996,-12.8,-17.2,70,9,19.3,100.97,SNOW
1013,-16.4,-22.8,58,11,25.0,100.59,SNOW
1014,-16.7,-23.3,57,15,25.0,100.6,SNOW
1015,-16.7,-23.5,56,19,24.1,100.64,SNOW
1017,-16.7,-24.6,50,17,24.1,100.72,SNOW
1032,-10.0,-16.3,60,19,25.0,100.48,SNOW
1053,-7.5,-12.1,70,11,19.3,100.76,SNOW
1084,-0.7,-3.5,81,0,25.0,101.39,SNOW
1085,-1.3,-3.0,88,7,4.8,101.45,SNOW
1086,-1.0,-2.3,91,0,4.8,101.48,SNOW
1087,-0.3,-1.6,91,4,6.4,101.51,SNOW
1088,0.1,-1.5,89,4,4.8,101.57,SNOW
1089,0.6,-1.2,88,4,3.2,101.61,SNOW
1090,1.0,-0.7,88,0,6.4,101.62,SNOW
1091,2.0,-0.2,85,0,8.0,101.65,SNOW
1092,2.1,-0.3,84,0,9.7,101.67,SNOW
1093,1.7,-0.3,87,6,9.7,101.67,SNOW
1094,1.5,0.0,90,7,9.7,101.68,SNOW
1101,1.3,0.1,92,13,8.0,101.95,SNOW
1246,-0.6,-4.5,75,6,25.0,100.35,SNOW
1248,0.5,-2.1,83,19,9.7,100.1,SNOW
1249,0.8,-2.2,80,15,12.9,99.97,SNOW
1250,1.4,-2.5,75,19,12.9,99.87,SNOW
1274,1.1,-1.1,85,7,25.0,99.17,SNOW
1275,0.6,-1.0,89,6,6.4,99.14,SNOW
1285,2.1,-2.1,74,20,16.1,99.49,SNOW
1286,1.4,-1.5,81,13,19.3,99.53,SNOW
1310,1.1,-3.3,72,20,16.1,99.64,SNOW
1311,1.0,-2.6,77,19,6.4,99.53,SNOW
1312,-0.1,-1.6,90,22,1.2,99.38,SNOW
1313,-0.1,-1.5,90,26,1.0,99.16,SNOW
1314,0.0,-1.4,90,24,1.0,99.07,SNOW
1315,0.0,-1.3,91,22,1.2,98.88,SNOW
1316,0.0,-1.2,92,15,2.0,98.81,SNOW
1317,0.3,-1.1,90,17,2.4,98.69,SNOW
1322,0.4,-0.9,91,11,6.4,98.06,SNOW
1323,0.7,-0.8,90,19,4.0,98.0,SNOW
1324,0.4,-1.0,90,19,3.2,97.97,SNOW
1325,0.6,-1.1,88,22,12.9,97.99,SNOW
1326,0.0,-1.6,89,33,2.8,98.03,SNOW
1327,-1.4,-2.9,89,33,1.2,98.11,SNOW
1328,-1.8,-3.2,90,32,1.2,98.2,SNOW
1329,-1.4,-2.9,89,33,1.2,98.33,SNOW
1330,-1.7,-3.3,89,32,1.6,98.45,SNOW
1331,-2.1,-3.5,90,33,2.0,98.6,SNOW
1332,-2.5,-4.2,88,33,3.2,98.75,SNOW
1333,-2.7,-5.0,84,32,2.0,98.89,SNOW
1334,-3.2,-6.3,79,35,3.2,99.05,SNOW
1335,-3.3,-7.5,73,33,19.3,99.22,SNOW
1336,-3.6,-7.4,75,24,9.7,99.39,SNOW
1383,-5.1,-9.4,72,20,1.6,101.19,SNOW
1384,-4.9,-7.9,79,19,19.3,101.13,SNOW
1387,-7.1,-9.6,82,22,2.0,101.14,SNOW
1388,-7.2,-9.6,83,9,25.0,101.25,SNOW
1389,-7.3,-9.7,83,4,25.0,101.29,SNOW
1390,-7.1,-9.6,82,0,8.0,101.33,SNOW
1391,-6.8,-9.1,84,4,6.4,101.38,SNOW
1392,-6.7,-9.0,84,0,6.4,101.4,SNOW
1393,-6.5,-8.7,84,0,8.0,101.48,SNOW
1394,-6.6,-8.9,84,0,9.7,101.55,SNOW
1397,-5.4,-9.7,72,20,12.9,101.98,SNOW
1398,-6.9,-10.3,77,22,8.0,102.19,SNOW
1438,-4.5,-12.3,54,30,25.0,101.14,SNOW
1439,-5.1,-11.2,62,30,8.0,101.01,SNOW
1440,-5.5,-9.7,72,24,4.0,100.97,SNOW
1441,-5.7,-8.7,79,26,2.4,100.87,SNOW
1442,-5.4,-8.3,80,28,4.8,100.8,SNOW
1443,-4.7,-7.7,79,28,4.0,100.69,SNOW
1444,-5.4,-7.8,83,35,1.6,100.62,SNOW
1445,-5.3,-7.9,82,33,2.4,100.58,SNOW
1446,-5.2,-7.8,82,33,4.0,100.57,SNOW
1447,-4.9,-7.4,83,30,1.6,100.59,SNOW
1448,-5.0,-7.5,83,32,1.2,100.59,SNOW
1449,-4.9,-7.5,82,32,1.6,100.6,SNOW
1450,-4.7,-7.3,82,32,1.2,100.62,SNOW
1451,-4.4,-6.8,83,28,1.0,100.66,SNOW
1452,-4.3,-6.8,83,30,1.2,100.66,SNOW
1453,-4.3,-6.9,82,28,1.2,100.65,SNOW
1454,-3.9,-6.6,81,28,1.2,100.67,SNOW
1455,-3.3,-6.2,80,24,1.6,100.71,SNOW
1456,-2.7,-5.7,80,19,2.4,100.74,SNOW
1457,-2.9,-5.9,80,20,4.0,100.8,SNOW
1458,-3.0,-6.0,80,19,4.0,100.87,SNOW
1459,-3.6,-6.4,81,17,3.2,100.93,SNOW
1460,-3.7,-6.4,81,20,4.8,100.95,SNOW
1461,-3.9,-6.7,81,22,6.4,100.98,SNOW
1462,-4.3,-6.9,82,22,2.4,101.0,SNOW
1463,-4.3,-7.1,81,22,4.8,101.04,SNOW
1464,-4.8,-7.3,83,22,3.2,101.04,SNOW
1465,-5.3,-7.9,82,20,4.8,101.09,SNOW
1466,-5.2,-7.8,82,19,6.4,101.11,SNOW
1467,-5.5,-7.9,83,19,4.8,101.15,SNOW
1468,-5.6,-8.2,82,24,6.4,101.15,SNOW
1469,-5.5,-8.3,81,19,12.9,101.15,SNOW
1470,-5.6,-8.6,79,19,16.1,101.14,SNOW
1472,-5.7,-8.8,79,17,24.1,101.2,SNOW
1473,-6.1,-8.4,84,13,2.0,101.19,SNOW
1474,-5.9,-8.3,83,15,4.0,101.22,SNOW
1475,-5.5,-7.5,86,15,2.8,101.21,SNOW
1476,-5.2,-7.1,86,13,2.4,101.18,SNOW
1477,-4.6,-6.5,87,13,4.8,101.09,SNOW
1489,1.2,-2.8,75,19,25.0,99.96,SNOW
1490,-0.6,-2.9,84,19,2.4,99.75,SNOW
1491,-0.3,-2.4,86,22,2.8,99.55,SNOW
1492,0.3,-1.7,86,24,11.3,99.4,SNOW
1509,2.9,-3.6,62,46,25.0,98.98,SNOW
1510,2.8,-3.4,64,57,25.0,99.07,SNOW
1511,2.3,-3.1,67,33,25.0,99.18,SNOW
1533,-9.0,-13.7,69,15,25.0,100.18,SNOW
1631,0.8,-1.4,85,35,2.4,100.25,SNOW
1632,-0.1,-2.0,87,28,2.8,100.33,SNOW
1678,-2.0,-7.1,68,11,25.0,102.5,SNOW
1762,1.1,0.5,96,7,2.4,101.57,SNOW
1763,0.4,0.1,98,6,1.6,101.6,SNOW
1764,1.0,0.8,99,4,2.0,101.65,SNOW
1771,0.3,-0.2,96,15,8.0,102.07,SNOW
2088,1.0,-10.8,41,6,16.1,101.58,SNOW
2089,-1.1,-4.5,78,11,16.1,101.39,SNOW
2090,-1.0,-4.8,75,13,9.7,101.28,SNOW
2091,-1.6,-4.1,83,20,25.0,101.08,SNOW
2092,-1.5,-3.8,84,20,25.0,100.88,SNOW
2094,-0.3,-3.5,79,20,24.1,100.51,SNOW
2095,0.5,-2.7,79,22,24.1,100.4,SNOW
2096,0.8,-2.9,76,19,8.0,100.25,SNOW
2117,0.6,-2.1,82,9,25.0,100.35,SNOW
2118,0.7,-1.9,83,6,24.1,100.44,SNOW
2119,0.8,-1.6,84,7,24.1,100.52,SNOW
2120,1.5,-1.1,83,6,16.1,100.59,SNOW
2121,2.5,-1.2,77,9,24.1,100.64,SNOW
2815,1.8,-2.9,71,32,12.9,100.25,SNOW
2816,2.3,-2.7,69,26,24.1,100.33,SNOW
2817,2.7,-3.2,65,32,24.1,100.4,SNOW
2818,3.7,-3.1,61,30,24.1,100.48,SNOW
2820,2.7,-4.1,61,35,24.1,100.65,SNOW
7401,2.9,-1.2,74,17,24.1,101.12,SNOW
7432,1.1,-6.0,59,19,24.1,101.44,SNOW
7882,1.8,-2.5,73,30,24.1,99.62,SNOW
7883,1.6,-3.7,68,33,24.1,99.6,SNOW
7884,1.8,-5.0,61,30,24.1,99.6,SNOW
7887,0.7,-6.4,59,35,2.4,99.7,SNOW
7889,-0.6,-5.3,70,37,12.9,99.81,SNOW
7890,-0.4,-5.5,68,28,25.0,99.85,SNOW
7891,-0.9,-5.0,74,22,19.3,99.9,SNOW
7907,-2.9,-9.6,60,35,48.3,100.28,SNOW
7982,0.7,-1.3,86,19,3.2,101.42,SNOW
7983,0.0,-0.8,94,15,2.4,101.37,SNOW
7984,0.6,-0.9,90,20,6.4,101.37,SNOW
7985,0.4,-0.7,92,22,4.8,101.36,SNOW
7986,0.8,-0.6,90,24,8.0,101.35,SNOW
7987,1.0,-0.7,88,22,12.9,101.35,SNOW
7988,0.9,-0.9,88,20,16.1,101.36,SNOW
7989,0.4,-1.9,85,24,16.1,101.38,SNOW
8000,-4.8,-8.3,76,13,19.3,101.77,SNOW
8001,-4.6,-7.0,83,19,9.7,101.67,SNOW
8002,-4.7,-6.8,85,20,4.8,101.56,SNOW
8003,-3.5,-5.2,88,15,19.3,101.46,SNOW
8004,-1.8,-4.2,84,15,6.4,101.35,SNOW
8005,-1.4,-3.4,86,17,24.1,101.33,SNOW
8006,-0.8,-3.3,83,22,24.1,101.33,SNOW
8007,-1.2,-4.6,78,22,24.1,101.4,SNOW
8010,-4.2,-11.8,55,28,25.0,101.78,SNOW
8057,-7.5,-12.0,70,20,19.3,102.73,SNOW
8058,-6.9,-11.3,71,19,25.0,102.71,SNOW
8062,-4.8,-8.4,76,13,19.3,102.36,SNOW
8067,-3.5,-5.8,84,13,25.0,102.02,SNOW
8147,2.2,-2.5,71,30,24.1,101.17,SNOW
8148,1.1,-4.8,65,26,24.1,101.23,SNOW
8155,-1.0,-8.5,57,28,25.0,101.84,SNOW
8207,1.5,-2.2,76,4,19.3,101.22,SNOW
8208,1.8,-1.4,79,4,25.0,101.2,SNOW
8244,-1.9,-5.1,79,17,12.9,102.32,SNOW
8257,-5.0,-6.2,91,32,1.6,101.31,SNOW
8258,-4.7,-6.2,89,33,4.0,101.1,SNOW
8259,-4.3,-5.9,89,33,2.8,100.96,SNOW
8313,-6.1,-9.0,80,4,24.1,102.21,SNOW
8314,-4.7,-7.6,80,9,24.1,102.2,SNOW
8321,-3.2,-6.0,81,7,9.7,102.25,SNOW
8322,-3.6,-5.7,85,7,12.9,102.28,SNOW
8324,-4.4,-6.4,86,7,16.1,102.36,SNOW
8325,-3.9,-5.9,86,6,16.1,102.37,SNOW
8326,-3.8,-5.6,87,4,11.3,102.4,SNOW
8409,-9.4,-14.7,65,33,19.3,101.82,SNOW
8411,-8.2,-13.9,63,35,24.1,101.71,SNOW
8412,-8.5,-12.2,75,32,4.8,101.62,SNOW
8413,-8.0,-11.2,78,26,12.9,101.54,SNOW
8414,-7.7,-10.2,82,32,4.8,101.45,SNOW
8415,-7.6,-9.4,87,32,3.2,101.38,SNOW
8416,-7.0,-8.7,88,35,4.0,101.33,SNOW
8417,-6.4,-8.0,88,30,4.8,101.28,SNOW
8418,-5.9,-7.4,89,30,4.0,101.25,SNOW
8419,-5.1,-6.6,89,22,16.1,101.2,SNOW
8420,-4.7,-6.0,91,28,12.9,101.18,SNOW
8421,-4.0,-5.4,90,24,16.1,101.17,SNOW
8422,-3.6,-4.7,92,22,9.7,101.12,SNOW
8428,-3.0,-4.1,92,24,6.4,100.91,SNOW
8429,-3.0,-4.2,91,24,8.0,100.89,SNOW
8430,-2.1,-3.2,92,19,8.0,100.88,SNOW
8434,0.5,-0.8,91,20,3.6,100.78,SNOW
8435,0.4,-0.4,94,19,1.6,100.76,SNOW
8436,0.4,-0.3,95,22,2.0,100.71,SNOW
8437,0.6,-0.1,95,17,4.8,100.66,SNOW
8438,0.8,0.1,95,19,4.0,100.65,SNOW
8439,0.9,0.2,95,19,11.3,100.63,SNOW
8454,0.5,-0.4,94,24,3.6,100.07,SNOW
8455,0.5,-0.2,95,24,3.2,100.0,SNOW
8456,0.7,0.0,95,24,2.8,99.92,SNOW
8457,0.7,0.1,96,22,2.0,99.88,SNOW
8458,0.6,0.0,96,24,1.2,99.86,SNOW
8459,0.5,-0.2,95,22,1.2,99.76,SNOW
8460,0.8,0.0,94,32,4.8,99.64,SNOW
8461,1.0,0.0,93,26,4.0,99.56,SNOW
8462,1.0,0.2,94,24,4.0,99.53,SNOW
8463,1.1,0.2,94,22,4.8,99.51,SNOW
8469,1.0,0.6,97,13,3.2,99.58,SNOW
8470,0.8,0.4,97,15,3.2,99.6,SNOW
8471,0.8,0.5,98,11,3.2,99.64,SNOW
8472,0.6,0.2,97,9,4.0,99.65,SNOW
8473,0.5,0.1,97,7,6.4,99.71,SNOW
8474,0.4,0.1,98,7,8.0,99.78,SNOW
8475,0.4,0.0,97,9,4.8,99.82,SNOW
8476,0.4,0.0,97,11,4.0,99.87,SNOW
8477,0.3,-0.1,97,11,3.2,99.95,SNOW
8478,0.4,-0.1,96,9,2.4,100.05,SNOW
8479,0.4,0.0,97,11,3.2,100.15,SNOW
8490,1.2,0.1,92,9,9.7,101.15,SNOW
8491,0.8,0.3,96,11,4.8,101.26,SNOW
8492,0.7,0.1,96,11,6.4,101.32,SNOW
8493,0.6,-0.1,95,13,11.3,101.38,SNOW
8495,0.6,-0.9,90,13,25.0,101.5,SNOW
8496,0.4,-2.1,83,20,25.0,101.57,SNOW
8502,-1.6,-4.2,82,15,25.0,101.82,SNOW
8507,-1.1,-4.0,81,4,24.1,101.92,SNOW
8530,1.0,0.0,93,32,12.9,99.24,SNOW
8531,0.9,0.0,94,30,2.0,99.01,SNOW
8532,1.3,0.3,93,41,9.7,98.67,SNOW
8533,1.8,0.3,90,41,19.3,98.36,SNOW
8542,0.7,0.0,95,28,3.6,97.75,SNOW
8543,1.1,0.0,92,30,9.7,97.79,SNOW
8544,1.1,-0.1,92,32,9.7,97.81,SNOW
8546,1.1,0.1,93,30,8.0,97.89,SNOW
8547,1.1,0.1,93,28,9.7,97.93,SNOW
8548,0.6,-0.6,92,35,11.3,97.98,SNOW
8549,-0.9,-1.9,93,35,4.8,98.07,SNOW
8550,-1.6,-3.0,90,41,4.0,98.19,SNOW
8551,-2.2,-3.7,89,35,4.8,98.32,SNOW
8552,-2.5,-4.5,86,41,4.0,98.44,SNOW
8553,-3.0,-5.0,86,35,3.2,98.58,SNOW
8554,-3.6,-5.0,90,37,1.6,98.7,SNOW
8555,-4.3,-5.4,92,35,1.2,98.78,SNOW
8556,-4.5,-5.9,90,33,1.6,98.86,SNOW
8557,-4.7,-6.9,85,37,4.0,98.96,SNOW
8558,-5.0,-7.6,82,32,4.0,99.08,SNOW
8559,-5.4,-7.1,88,35,1.6,99.24,SNOW
8560,-5.9,-7.8,86,41,1.6,99.37,SNOW
8561,-5.7,-8.5,81,32,6.4,99.5,SNOW
8562,-6.0,-8.7,81,33,4.8,99.62,SNOW
8563,-6.7,-9.1,83,32,6.4,99.75,SNOW
8564,-6.9,-10.6,75,32,16.1,99.83,SNOW
8565,-7.2,-11.6,71,28,16.1,99.96,SNOW
8566,-7.4,-11.9,70,35,16.1,100.0,SNOW
8568,-7.8,-11.6,74,32,19.3,100.19,SNOW
8569,-7.9,-11.8,74,32,25.0,100.27,SNOW
8575,-8.5,-12.1,75,20,19.3,100.52,SNOW
8576,-8.7,-12.0,77,20,19.3,100.54,SNOW
8583,-6.8,-11.1,71,13,24.1,100.34,SNOW
8584,-7.0,-9.6,82,13,9.7,100.35,SNOW
8585,-7.1,-9.4,84,9,12.9,100.36,SNOW
8586,-7.2,-10.0,80,11,12.9,100.4,SNOW
8587,-7.2,-10.1,80,9,25.0,100.46,SNOW
8649,-11.3,-12.7,89,15,4.0,102.52,SNOW
8667,-8.1,-10.2,85,37,2.4,101.21,SNOW
8668,-7.9,-9.5,88,33,2.0,101.03,SNOW
8669,-7.5,-9.1,88,43,1.2,100.95,SNOW
8670,-6.8,-8.1,90,39,1.2,100.83,SNOW
8671,-6.5,-7.6,92,44,1.2,100.73,SNOW
8672,-6.3,-7.4,92,39,0.8,100.65,SNOW
8673,-5.7,-6.7,93,37,0.8,100.67,SNOW
8674,-5.4,-6.4,93,41,0.6,100.64,SNOW
8675,-5.2,-6.4,91,39,0.6,100.62,SNOW
8676,-5.5,-6.6,92,39,0.6,100.5,SNOW
8677,-5.4,-6.7,91,48,0.6,100.36,SNOW
8678,-5.2,-6.7,89,46,0.6,100.35,SNOW
8679,-5.0,-6.2,91,37,0.6,100.37,SNOW
8680,-4.5,-6.2,88,37,2.0,100.44,SNOW
8681,-4.2,-5.9,88,32,3.2,100.47,SNOW
8682,-4.0,-5.7,88,28,8.0,100.49,SNOW
8683,-3.9,-5.6,88,26,9.7,100.52,SNOW
8684,-3.7,-5.3,89,37,16.1,100.58,SNOW
8685,-3.7,-4.8,92,24,4.8,100.62,SNOW
8686,-3.8,-4.6,94,20,4.8,100.65,SNOW
8687,-4.0,-5.6,89,24,9.7,100.7,SNOW
8688,-4.2,-5.7,89,19,8.0,100.78,SNOW
8689,-4.4,-6.6,85,15,6.4,100.83,SNOW
8690,-4.3,-6.3,86,11,12.9,100.93,SNOW
8691,-4.6,-5.9,91,13,4.0,101.01,SNOW
8692,-4.9,-5.9,93,9,9.7,101.0,SNOW
8723,-10.9,-12.2,90,7,6.4,101.09,SNOW
8724,-10.5,-11.6,92,11,8.0,100.93,SNOW
8725,-10.0,-11.1,92,22,9.7,100.63,SNOW
8726,-9.3,-10.5,91,22,4.8,100.6,SNOW
8727,-8.8,-10.0,91,20,1.2,100.55,SNOW
8728,-8.5,-9.9,90,24,1.2,100.49,SNOW
8729,-9.0,-10.4,90,19,2.4,100.46,SNOW
8730,-9.3,-10.9,88,26,6.4,100.38,SNOW
8731,-9.5,-11.2,87,26,3.2,100.33,SNOW
8732,-9.7,-11.6,86,24,9.7,100.25,SNOW
8733,-9.8,-11.8,85,24,8.0,100.24,SNOW
8734,-10.1,-11.6,89,15,2.4,100.2,SNOW
8735,-10.0,-12.0,85,20,6.4,100.19,SNOW
8736,-9.6,-11.3,87,13,3.2,100.23,SNOW
8737,-9.4,-10.5,92,9,2.4,100.22,SNOW
8738,-9.3,-10.4,92,9,4.0,100.28,SNOW
8739,-9.1,-10.4,90,11,3.6,100.3,SNOW
8740,-9.3,-10.6,90,13,9.7,100.28,SNOW
8741,-9.1,-10.4,90,11,4.0,100.32,SNOW
8742,-9.3,-10.8,89,17,8.0,100.39,SNOW
8767,-9.3,-11.3,85,0,19.3,101.19,SNOW
8768,-8.6,-10.3,87,4,3.2,101.14,SNOW
8769,-8.1,-9.6,89,4,2.4,101.09,SNOW
8770,-7.4,-8.9,89,4,6.4,101.05,SNOW
8771,-6.7,-7.9,91,9,9.7,100.93,SNOW
8772,-5.8,-7.5,88,4,12.9,100.78,SNOW
8773,-4.6,-6.6,86,4,12.9,100.63,SNOW
8774,-3.4,-5.7,84,6,11.3,100.57,SNOW
8775,-2.3,-4.6,84,9,9.7,100.47,SNOW
8776,-1.4,-4.0,82,13,12.9,100.4,SNOW
8777,-1.1,-3.3,85,19,9.7,100.3,SNOW
8778,-1.3,-3.1,88,17,9.7,100.19,SNOW
8779,0.1,-2.7,81,30,9.7,100.13,SNOW
8780,0.2,-2.4,83,24,9.7,100.03,SNOW
8781,-0.5,-1.5,93,28,4.8,99.95,SNOW
8782,-0.2,-1.8,89,28,9.7,99.91,SNOW
8783,0.0,-2.1,86,30,11.3,99.89,SNOW
18,3.8,1.0,82,15,12.9,99.74,RAIN
19,3.1,1.3,88,15,12.9,99.68,RAIN
22,4.4,1.9,84,24,19.3,99.32,RAIN
24,5.2,1.5,77,35,25.0,99.26,RAIN
154,-5.7,-8.0,84,7,8.0,100.13,RAIN
155,-5.4,-7.7,84,9,9.7,100.08,RAIN
156,-5.5,-7.8,84,13,9.7,100.05,RAIN
157,-4.8,-7.2,83,15,9.7,100.07,RAIN
296,-5.1,-7.5,83,26,8.0,98.69,RAIN
298,-4.8,-7.2,83,26,12.9,98.44,RAIN
299,-4.8,-7.3,83,28,9.7,98.22,RAIN
388,-9.0,-12.2,78,6,6.4,100.8,RAIN
404,-3.6,-5.7,85,24,3.2,98.98,RAIN
405,-2.9,-4.9,86,26,2.8,98.71,RAIN
406,-1.6,-3.2,89,17,3.2,98.47,RAIN
516,-11.5,-15.4,73,9,8.0,102.97,RAIN
517,-11.2,-16.0,68,11,8.0,102.86,RAIN
542,2.7,-1.1,76,26,48.3,101.01,RAIN
543,2.7,-0.9,77,30,24.1,100.86,RAIN
545,3.1,-0.4,78,28,16.1,100.61,RAIN
549,3.3,1.7,89,24,11.3,100.22,RAIN
552,3.5,2.3,92,17,12.9,100.04,RAIN
554,3.1,2.1,93,9,9.7,100.09,RAIN
555,5.0,3.6,91,19,9.7,100.19,RAIN
566,2.4,-2.4,71,35,24.1,100.75,RAIN
631,-0.8,-2.9,86,22,16.1,99.61,RAIN
632,0.3,-1.7,86,20,12.9,99.47,RAIN
633,0.7,-1.4,86,17,12.9,99.34,RAIN
746,-6.8,-9.3,82,19,4.8,100.61,RAIN
747,-6.5,-9.0,82,15,4.8,100.56,RAIN
748,-5.8,-8.2,83,17,8.0,100.48,RAIN
749,-5.8,-8.5,81,19,8.0,100.42,RAIN
750,-5.4,-8.0,82,15,8.0,100.34,RAIN
751,-5.5,-8.2,81,13,9.7,100.33,RAIN
754,-5.7,-8.5,81,13,8.0,100.35,RAIN
755,-5.8,-8.3,82,9,4.0,100.36,RAIN
756,-5.5,-8.0,83,11,2.0,100.31,RAIN
757,-5.0,-7.7,81,11,2.0,100.28,RAIN
758,-4.9,-7.4,83,9,2.0,100.34,RAIN
759,-4.9,-7.5,82,6,2.8,100.41,RAIN
760,-4.5,-7.2,81,0,4.8,100.47,RAIN
1096,2.2,0.2,87,6,12.9,101.75,RAIN
1097,2.1,0.3,88,6,11.3,101.8,RAIN
1098,1.5,0.2,91,7,9.7,101.85,RAIN
1099,1.5,0.2,91,7,9.7,101.89,RAIN
1100,1.5,0.2,91,7,6.4,101.91,RAIN
1122,3.0,-2.1,69,19,24.1,101.13,RAIN
1123,2.5,-1.4,75,17,25.0,101.02,RAIN
1124,1.7,-0.7,84,17,16.1,100.94,RAIN
1125,1.5,-0.5,87,15,25.0,100.88,RAIN
1126,1.5,-0.6,86,17,12.9,100.8,RAIN
1127,1.3,-0.3,89,19,16.1,100.71,RAIN
1128,1.3,-0.3,89,19,12.9,100.64,RAIN
1129,1.3,-0.2,90,19,12.9,100.57,RAIN
1130,1.3,0.1,92,17,9.7,100.5,RAIN
1131,1.4,0.2,92,19,12.9,100.45,RAIN
1132,2.3,1.1,92,20,8.0,100.47,RAIN
1252,1.2,-1.0,85,15,12.9,99.68,RAIN
1253,1.4,-0.6,87,15,9.7,99.64,RAIN
1254,1.5,-0.3,88,13,12.9,99.59,RAIN
1256,2.6,0.9,89,17,19.3,99.57,RAIN
1263,5.4,-1.4,62,28,24.1,99.3,RAIN
1272,2.3,-0.9,79,20,25.0,99.23,RAIN
1318,0.6,-0.8,90,19,16.1,98.55,RAIN
1320,1.0,-0.6,89,11,12.9,98.29,RAIN
1499,4.0,-0.7,71,32,24.1,98.82,RAIN
1620,11.7,4.0,59,20,24.1,100.08,RAIN
1623,11.7,6.6,71,37,19.3,99.82,RAIN
1624,11.6,6.4,70,32,24.1,99.75,RAIN
1625,11.3,6.9,74,37,19.3,99.66,RAIN
1626,10.5,7.8,83,46,6.4,99.64,RAIN
1627,6.1,3.2,82,30,16.1,99.78,RAIN
1628,5.0,1.6,79,41,25.0,99.9,RAIN
1629,3.7,1.0,82,41,12.9,100.04,RAIN
1729,5.1,-0.9,65,13,25.0,101.07,RAIN
1730,4.8,-1.0,66,6,25.0,101.05,RAIN
1735,4.0,1.0,81,11,9.7,100.61,RAIN
1736,5.5,2.9,83,7,6.4,100.5,RAIN
1737,4.4,2.3,86,17,4.0,100.51,RAIN
1744,5.5,2.8,83,11,8.0,100.67,RAIN
1745,4.9,2.2,83,17,8.0,100.68,RAIN
1746,4.0,1.5,84,13,8.0,100.73,RAIN
1748,2.6,0.3,85,17,6.4,100.77,RAIN
1750,1.4,-0.7,86,6,6.4,100.93,RAIN
1751,1.1,-0.9,86,9,4.8,100.98,RAIN
1794,2.6,-0.3,81,22,24.1,101.98,RAIN
1797,2.0,0.4,89,28,25.0,101.8,RAIN
1801,1.9,0.6,91,15,25.0,101.54,RAIN
1802,1.1,0.2,94,17,12.9,101.56,RAIN
1803,1.1,0.5,96,19,6.4,101.46,RAIN
1804,1.0,0.5,96,17,4.8,101.39,RAIN
1805,0.7,0.3,97,20,4.8,101.36,RAIN
1962,18.2,11.5,65,19,24.1,101.48,RAIN
1963,16.7,9.4,62,13,25.0,101.52,RAIN
2015,6.5,-7.2,37,7,25.0,101.15,RAIN
2016,5.8,-5.7,43,20,25.0,101.05,RAIN
2018,5.9,-5.0,45,9,25.0,100.91,RAIN
2022,3.8,-0.9,71,15,24.1,100.76,RAIN
2023,2.5,0.9,89,17,24.1,100.76,RAIN
2024,3.0,1.5,90,6,24.1,100.74,RAIN
2040,7.3,3.7,78,24,25.0,100.19,RAIN
2041,4.6,-1.9,63,33,25.0,100.29,RAIN
2102,4.4,-1.2,67,13,24.1,99.45,RAIN
2103,2.5,0.6,87,19,19.3,99.42,RAIN
2104,2.2,0.7,90,20,12.9,99.48,RAIN
2105,1.5,0.2,91,19,16.1,99.53,RAIN
2106,1.3,-0.2,90,13,16.1,99.63,RAIN
2195,4.8,-0.3,70,4,24.1,100.43,RAIN
2196,5.8,0.2,67,0,24.1,100.35,RAIN
2197,5.9,0.0,66,7,24.1,100.24,RAIN
2198,4.7,1.1,77,9,24.1,100.2,RAIN
2199,3.8,1.5,85,19,24.1,100.14,RAIN
2200,3.0,0.7,85,17,24.1,100.1,RAIN
2201,2.8,0.5,85,22,24.1,100.12,RAIN
2202,2.5,0.3,85,11,24.1,100.11,RAIN
2203,2.6,0.2,84,0,25.0,100.14,RAIN
2204,2.6,0.2,84,11,19.3,100.18,RAIN
2205,2.6,0.7,87,13,16.1,100.21,RAIN
2382,6.1,0.1,65,13,24.1,99.1,RAIN
2383,6.3,1.5,71,13,24.1,99.11,RAIN
2384,6.6,3.6,81,20,24.1,99.05,RAIN
2385,7.4,1.6,67,19,24.1,99.05,RAIN
2386,7.0,2.3,72,28,24.1,99.07,RAIN
2387,7.4,2.8,73,24,24.1,99.1,RAIN
2388,7.9,4.1,77,17,24.1,99.07,RAIN
2389,8.8,2.6,65,17,24.1,99.08,RAIN
2390,9.0,1.3,58,19,24.1,99.11,RAIN
2394,6.2,2.2,76,30,24.1,99.31,RAIN
2408,5.3,1.5,76,17,24.1,99.51,RAIN
2411,6.9,2.5,74,15,24.1,99.58,RAIN
2414,7.6,2.4,70,33,16.1,99.63,RAIN
2415,6.2,3.2,81,19,24.1,99.71,RAIN
2438,8.4,0.3,57,32,24.1,100.79,RAIN
2441,9.3,1.3,57,33,24.1,100.91,RAIN
2545,14.6,12.8,89,9,8.0,100.7,RAIN
2546,14.9,13.3,90,4,9.7,100.66,RAIN
2563,26.4,11.9,40,20,16.1,100.1,RAIN
2566,19.4,14.7,74,24,25.0,100.25,RAIN
2647,6.9,0.3,63,22,24.1,101.17,RAIN
2650,6.6,1.6,70,24,24.1,101.07,RAIN
2652,7.2,1.7,68,26,24.1,100.98,RAIN
2653,7.5,2.0,68,24,24.1,100.91,RAIN
2671,6.4,3.3,81,17,25.0,100.38,RAIN
2673,5.5,3.4,86,19,24.1,100.49,RAIN
2675,5.6,3.5,86,11,12.9,100.59,RAIN
2677,6.1,3.7,85,19,24.1,100.65,RAIN
2678,6.1,3.9,86,19,16.1,100.69,RAIN
2679,5.7,3.3,85,17,16.1,100.73,RAIN
2680,5.3,2.5,82,19,16.1,100.8,RAIN
2681,4.8,2.6,86,17,16.1,100.84,RAIN
2682,3.8,1.6,86,24,16.1,100.96,RAIN
2683,3.4,1.0,84,20,19.3,100.96,RAIN
2684,2.6,0.5,86,24,16.1,101.06,RAIN
2685,2.6,0.3,85,26,25.0,101.06,RAIN
2686,1.9,-0.2,86,19,19.3,101.04,RAIN
2687,1.6,-0.3,87,13,25.0,101.08,RAIN
2688,1.5,-0.6,86,24,25.0,101.04,RAIN
2692,1.2,-0.3,90,11,25.0,101.05,RAIN
2693,1.8,-0.3,86,19,25.0,101.06,RAIN
2709,4.3,-1.0,68,35,25.0,101.07,RAIN
2710,2.8,-1.1,75,32,25.0,101.05,RAIN
2711,2.0,-0.7,82,41,19.3,100.89,RAIN
2712,1.9,-0.8,82,46,19.3,100.73,RAIN
2716,2.0,-0.7,82,44,25.0,99.82,RAIN
2717,1.9,-0.2,86,46,8.0,99.74,RAIN
2718,2.1,-0.3,84,52,16.1,99.66,RAIN
2719,2.3,-0.4,82,48,24.1,99.52,RAIN
2720,2.8,0.3,84,48,19.3,99.4,RAIN
2721,3.1,0.6,84,44,12.9,99.29,RAIN
2733,5.6,3.5,86,37,25.0,98.51,RAIN
2740,7.5,4.2,80,19,25.0,98.51,RAIN
2742,6.8,3.4,79,19,19.3,98.51,RAIN
2743,5.5,3.0,84,13,11.3,98.6,RAIN
2744,6.6,3.7,82,13,24.1,98.63,RAIN
2746,7.2,1.2,66,19,24.1,98.72,RAIN
2749,8.0,1.2,62,24,24.1,98.9,RAIN
2766,5.2,0.1,70,20,24.1,99.93,RAIN
2767,5.5,0.6,71,19,19.3,100.01,RAIN
2768,4.9,1.5,79,19,24.1,100.08,RAIN
2769,5.1,2.9,86,15,24.1,100.15,RAIN
2770,6.1,2.9,80,9,24.1,100.22,RAIN
2775,7.7,0.5,60,15,24.1,100.38,RAIN
2801,11.0,1.3,51,15,19.3,99.8,RAIN
2802,8.6,5.4,80,19,19.3,99.72,RAIN
2803,8.3,5.6,83,15,19.3,99.7,RAIN
2804,8.1,5.8,85,7,25.0,99.69,RAIN
2809,4.8,2.6,86,15,25.0,99.74,RAIN
2810,4.7,2.8,87,15,25.0,99.79,RAIN
2813,3.3,-0.6,76,26,24.1,100.03,RAIN
2905,10.8,-1.0,44,19,25.0,101.22,RAIN
2906,9.7,1.7,57,7,25.0,101.24,RAIN
2907,8.8,3.2,68,15,25.0,101.2,RAIN
2908,8.4,3.7,72,17,25.0,101.15,RAIN
2909,7.8,5.1,83,24,11.3,101.13,RAIN
2911,7.9,5.9,87,13,9.7,101.15,RAIN
2919,10.4,7.9,84,9,9.7,101.16,RAIN
2950,13.5,7.7,68,19,25.0,101.22,RAIN
2951,11.9,8.7,81,19,25.0,101.18,RAIN
2969,16.4,11.4,72,6,24.1,101.22,RAIN
2975,13.8,10.4,80,11,25.0,100.99,RAIN
2995,15.9,13.0,83,9,9.7,100.82,RAIN
3073,16.0,4.8,47,15,25.0,100.74,RAIN
3075,15.2,6.6,56,6,25.0,100.64,RAIN
3076,14.2,10.4,78,17,25.0,100.6,RAIN
3078,12.6,10.4,86,22,9.7,100.51,RAIN
3079,12.2,10.1,87,24,6.4,100.48,RAIN
3080,11.6,9.5,87,26,6.4,100.45,RAIN
3081,11.1,9.1,87,32,6.4,100.41,RAIN
3087,12.0,10.0,88,17,12.9,100.3,RAIN
3088,12.2,10.3,88,15,12.9,100.28,RAIN
3089,12.2,10.3,88,9,12.9,100.29,RAIN
3136,10.2,6.0,75,19,24.1,99.55,RAIN
3138,9.8,6.0,77,19,24.1,99.68,RAIN
3139,9.5,6.2,80,15,24.1,99.73,RAIN
3140,9.4,5.6,77,20,25.0,99.79,RAIN
3141,9.2,5.0,75,20,25.0,99.88,RAIN
3144,8.7,2.7,66,15,25.0,100.07,RAIN
3145,8.4,3.1,69,22,25.0,100.14,RAIN
3146,7.3,3.5,77,17,25.0,100.22,RAIN
3148,7.3,2.1,70,7,25.0,100.39,RAIN
3189,19.3,7.8,47,11,25.0,101.37,RAIN
3190,18.4,8.8,54,6,25.0,101.34,RAIN
3194,15.9,10.4,70,6,25.0,101.32,RAIN
3196,15.1,10.9,76,11,25.0,101.5,RAIN
3197,14.1,11.5,84,6,24.1,101.51,RAIN
3198,14.1,11.8,86,11,24.1,101.58,RAIN
3199,14.2,12.0,87,13,24.1,101.63,RAIN
3255,17.8,15.2,85,9,16.1,100.95,RAIN
3408,21.2,14.4,65,13,25.0,101.03,RAIN
3409,19.2,16.0,82,15,12.9,101.02,RAIN
3410,18.5,16.0,85,9,25.0,100.97,RAIN
3411,18.2,15.8,86,0,16.1,100.95,RAIN
3412,18.6,16.2,86,7,12.9,100.89,RAIN
3413,18.8,16.4,86,4,12.9,100.9,RAIN
3415,18.3,16.4,89,11,12.9,100.92,RAIN
3417,18.6,16.4,87,9,12.9,100.89,RAIN
3418,19.2,16.9,87,9,12.9,100.87,RAIN
3419,18.8,16.5,86,13,16.1,100.85,RAIN
3420,18.4,16.3,88,15,19.3,100.78,RAIN
3425,17.7,15.3,86,11,12.9,100.67,RAIN
3427,16.1,13.3,83,24,24.1,100.73,RAIN
3500,21.3,18.3,83,13,16.1,100.83,RAIN
3546,19.2,6.9,45,7,48.3,101.41,RAIN
3547,18.1,9.5,57,0,48.3,101.42,RAIN
3580,11.4,7.0,74,30,24.1,100.34,RAIN
3581,11.0,8.9,87,15,12.9,100.14,RAIN
3582,10.9,9.0,88,9,2.4,100.26,RAIN
3590,25.6,18.4,64,11,19.3,99.75,RAIN
3592,21.0,17.5,80,15,9.7,99.75,RAIN
3593,20.7,17.4,81,13,12.9,99.84,RAIN
3594,20.4,17.6,84,28,19.3,99.78,RAIN
3595,20.1,17.8,87,24,16.1,99.76,RAIN
3623,16.8,9.9,64,15,16.1,100.26,RAIN
3631,13.1,8.9,76,15,24.1,100.61,RAIN
3669,19.6,5.7,40,26,25.0,100.8,RAIN
3671,18.2,8.3,52,19,25.0,100.77,RAIN
3672,17.5,8.2,54,15,19.3,100.78,RAIN
3673,15.9,9.5,66,19,16.1,100.67,RAIN
3674,14.6,8.7,68,19,16.1,100.58,RAIN
3675,14.2,8.8,70,19,16.1,100.5,RAIN
3676,13.6,9.5,76,24,12.9,100.43,RAIN
3677,13.4,9.2,76,24,16.1,100.36,RAIN
3678,13.6,9.5,76,19,16.1,100.44,RAIN
3679,13.4,8.7,73,17,19.3,100.45,RAIN
3680,12.3,9.7,84,11,19.3,100.48,RAIN
3683,12.5,10.3,86,7,16.1,100.48,RAIN
3684,12.8,10.5,86,9,24.1,100.43,RAIN
3685,13.1,10.9,86,11,24.1,100.43,RAIN
3688,13.5,11.0,85,22,24.1,100.35,RAIN
3689,13.5,11.0,85,17,24.1,100.36,RAIN
3692,12.9,10.5,85,4,19.3,100.4,RAIN
3721,11.9,7.7,75,19,25.0,100.33,RAIN
3723,11.5,7.5,76,24,25.0,100.32,RAIN
3724,11.0,7.6,80,22,19.3,100.38,RAIN
3725,11.0,8.0,82,20,19.3,100.41,RAIN
3727,11.7,7.9,77,33,24.1,100.5,RAIN
3728,11.6,8.3,80,24,19.3,100.55,RAIN
3729,11.6,7.7,77,28,24.1,100.6,RAIN
3732,13.0,7.3,68,22,24.1,100.7,RAIN
3733,13.0,7.4,69,24,24.1,100.75,RAIN
3762,20.9,6.8,40,11,48.3,100.76,RAIN
3763,17.0,10.3,65,22,24.1,100.89,RAIN
3764,15.6,11.6,77,9,24.1,100.88,RAIN
3788,17.4,9.6,60,9,24.1,101.04,RAIN
3791,17.1,9.1,59,11,25.0,101.05,RAIN
3814,16.4,11.6,73,17,25.0,100.74,RAIN
3815,16.3,12.2,77,17,25.0,100.78,RAIN
3831,19.4,12.8,66,20,12.9,100.33,RAIN
3924,24.4,15.8,59,17,16.1,100.71,RAIN
3925,19.8,16.7,82,19,6.4,100.73,RAIN
3929,18.2,16.3,89,20,12.9,100.57,RAIN
3931,17.9,16.1,89,20,11.3,100.52,RAIN
4182,17.4,12.7,74,15,24.1,100.8,RAIN
4218,19.4,12.7,65,26,24.1,100.71,RAIN
4219,19.0,14.0,73,20,24.1,100.74,RAIN
4220,18.7,14.5,77,24,24.1,100.69,RAIN
4224,16.7,13.6,82,9,19.3,100.51,RAIN
4225,15.7,13.6,87,9,19.3,100.41,RAIN
4226,15.7,13.8,88,7,12.9,100.32,RAIN
4227,15.9,14.2,90,9,11.3,100.26,RAIN
4228,16.1,14.1,88,15,19.3,100.21,RAIN
4234,17.9,12.8,72,24,24.1,100.12,RAIN
4260,16.9,11.5,70,15,24.1,100.12,RAIN
4262,16.3,11.6,74,20,19.3,100.07,RAIN
4265,16.1,12.5,79,13,24.1,99.99,RAIN
4266,15.6,12.6,82,13,19.3,99.99,RAIN
4267,15.4,12.6,83,15,19.3,99.93,RAIN
4268,15.3,12.8,85,15,24.1,99.9,RAIN
4269,15.4,12.9,85,15,12.9,99.9,RAIN
4270,15.4,12.8,84,15,16.1,99.85,RAIN
4271,15.4,12.8,84,15,19.3,99.8,RAIN
4272,15.7,12.9,83,17,19.3,99.75,RAIN
4273,15.7,12.9,83,13,19.3,99.72,RAIN
4274,15.6,12.7,83,11,19.3,99.69,RAIN
4275,15.3,12.7,84,9,19.3,99.69,RAIN
4276,15.2,12.4,83,13,19.3,99.72,RAIN
4277,15.2,12.2,82,17,24.1,99.76,RAIN
4278,15.4,12.2,81,15,24.1,99.79,RAIN
4279,16.3,12.2,77,20,24.1,99.81,RAIN
4282,18.7,13.0,69,20,24.1,99.89,RAIN
4283,17.8,13.5,76,24,24.1,99.93,RAIN
4284,19.8,13.5,67,20,19.3,99.92,RAIN
4285,19.3,14.4,73,13,19.3,99.96,RAIN
4286,19.1,14.7,76,19,19.3,99.99,RAIN
4288,20.3,14.2,68,20,24.1,100.03,RAIN
4291,19.4,13.8,70,17,24.1,100.09,RAIN
4299,17.5,13.3,76,6,25.0,100.18,RAIN
4300,17.7,13.9,78,11,25.0,100.2,RAIN
4320,22.2,14.0,60,15,25.0,99.83,RAIN
4437,25.0,13.9,50,13,25.0,100.37,RAIN
4438,21.5,14.8,66,17,25.0,100.35,RAIN
4439,20.8,14.8,69,0,25.0,100.32,RAIN
4440,19.8,15.9,78,6,16.1,100.34,RAIN
4456,26.7,20.1,67,15,24.1,99.84,RAIN
4457,21.6,20.0,91,11,24.1,100.02,RAIN
4511,26.3,21.0,73,11,25.0,100.46,RAIN
4517,22.2,17.0,72,11,25.0,100.52,RAIN
4719,22.7,20.9,90,24,12.9,100.92,RAIN
4729,21.6,19.4,87,0,25.0,100.62,RAIN
4730,20.4,18.6,89,6,19.3,100.52,RAIN
4756,22.8,20.4,86,7,12.9,100.1,RAIN
4760,21.5,20.4,93,19,12.9,99.87,RAIN
4766,25.5,23.1,87,17,6.4,99.65,RAIN
4768,23.8,21.7,88,24,16.1,99.81,RAIN
4913,19.4,18.2,93,4,24.1,100.24,RAIN
4914,20.6,19.1,91,30,19.3,100.19,RAIN
4915,20.7,18.5,87,20,24.1,100.08,RAIN
4917,18.1,17.7,98,11,6.4,100.27,RAIN
4918,18.7,18.0,96,7,6.4,100.04,RAIN
4967,20.8,13.4,63,11,25.0,100.29,RAIN
4968,21.3,14.4,65,13,25.0,100.23,RAIN
4974,19.6,15.5,77,9,16.1,100.01,RAIN
5107,24.8,18.3,67,22,24.1,100.55,RAIN
5109,22.8,18.8,78,13,25.0,100.65,RAIN
5118,20.4,18.6,89,7,25.0,100.62,RAIN
5221,25.2,23.0,88,24,12.9,100.4,RAIN
5222,24.9,22.9,89,26,16.1,100.42,RAIN
5226,25.0,22.0,83,22,19.3,100.28,RAIN
5227,24.2,22.2,89,26,16.1,100.29,RAIN
5279,20.2,17.5,84,9,25.0,100.87,RAIN
5299,25.1,17.0,61,7,24.1,100.9,RAIN
5300,24.3,17.2,65,11,25.0,100.92,RAIN
5318,24.0,17.8,68,20,24.1,100.86,RAIN
5319,23.7,17.0,66,17,16.1,100.91,RAIN
5320,22.3,18.7,80,19,19.3,100.89,RAIN
5321,21.3,18.7,85,17,12.9,100.93,RAIN
5322,20.4,18.6,89,20,16.1,100.87,RAIN
5323,20.2,18.2,88,13,19.3,100.92,RAIN
5332,19.3,17.6,90,9,9.7,100.67,RAIN
5333,19.0,17.7,92,19,12.9,100.58,RAIN
5348,19.1,17.9,93,17,12.9,100.65,RAIN
5349,18.5,17.7,95,22,16.1,100.62,RAIN
5356,17.2,16.7,97,24,16.1,100.54,RAIN
5369,20.2,19.5,96,32,12.9,100.58,RAIN
5370,19.6,18.7,95,19,24.1,100.59,RAIN
5449,21.2,18.0,82,20,25.0,100.65,RAIN
5450,19.5,18.7,95,9,25.0,100.63,RAIN
5455,18.8,17.7,93,0,24.1,100.69,RAIN
5505,21.4,17.0,76,17,24.1,100.17,RAIN
5508,22.7,19.1,80,15,24.1,100.09,RAIN
5617,18.6,14.7,78,15,25.0,101.33,RAIN
5654,25.0,15.4,55,13,24.1,101.37,RAIN
5751,26.0,18.2,62,15,24.1,100.87,RAIN
5752,23.6,20.2,81,13,24.1,100.83,RAIN
5753,22.4,20.5,89,13,24.1,100.84,RAIN
5838,22.5,16.1,67,30,24.1,100.51,RAIN
5839,22.6,16.4,68,32,24.1,100.48,RAIN
5841,21.8,17.1,75,35,24.1,100.5,RAIN
5842,19.7,17.8,89,20,24.1,100.54,RAIN
5844,22.8,18.6,77,20,24.1,100.49,RAIN
5946,21.8,19.2,85,9,19.3,100.73,RAIN
5947,20.8,19.7,93,7,12.9,100.7,RAIN
5948,20.7,19.9,95,9,12.9,100.68,RAIN
5949,21.1,19.7,92,9,19.3,100.66,RAIN
5950,20.7,19.7,94,15,19.3,100.61,RAIN
5951,20.2,19.2,94,9,19.3,100.47,RAIN
5952,20.3,19.1,93,13,19.3,100.43,RAIN
5953,20.0,18.6,92,13,16.1,100.35,RAIN
5954,19.1,18.2,95,17,25.0,100.35,RAIN
5963,23.4,17.9,71,7,24.1,100.57,RAIN
5973,24.0,18.1,70,9,25.0,100.58,RAIN
6028,21.9,15.8,68,17,25.0,99.85,RAIN
6038,26.0,18.4,63,33,24.1,98.94,RAIN
6039,24.4,20.2,77,30,16.1,98.89,RAIN
6040,20.4,18.2,87,39,24.1,99.09,RAIN
6186,24.5,17.6,65,6,24.1,100.96,RAIN
6188,16.5,15.8,96,22,16.1,101.06,RAIN
6189,15.3,14.3,94,13,11.3,101.31,RAIN
6190,15.5,14.2,92,0,19.3,101.21,RAIN
6191,15.9,15.4,97,13,16.1,101.13,RAIN
6206,16.2,7.5,56,22,24.1,101.39,RAIN
6209,14.2,8.7,69,22,24.1,101.39,RAIN
6274,16.9,16.0,94,19,9.7,100.26,RAIN
6275,17.3,16.4,94,20,9.7,100.13,RAIN
6276,16.6,16.3,98,20,6.4,99.92,RAIN
6277,17.1,16.4,96,35,9.7,99.66,RAIN
6278,17.3,16.6,96,32,24.1,99.49,RAIN
6279,18.1,17.0,93,32,24.1,99.28,RAIN
6280,19.4,17.4,88,33,24.1,99.14,RAIN
6281,20.4,17.9,86,35,24.1,99.01,RAIN
6282,20.0,18.9,93,28,6.4,99.19,RAIN
6283,19.4,18.5,95,22,25.0,99.28,RAIN
6284,19.2,17.9,92,24,25.0,99.33,RAIN
6286,18.8,17.6,93,30,9.7,99.44,RAIN
6287,17.7,16.1,90,33,12.9,99.52,RAIN
6355,15.2,15.1,99,7,25.0,101.01,RAIN
6363,15.8,14.4,91,24,19.3,100.68,RAIN
6364,15.4,14.1,92,20,19.3,100.5,RAIN
6372,16.9,15.6,92,22,16.1,100.23,RAIN
6373,16.6,15.6,94,15,19.3,100.22,RAIN
6375,16.1,15.0,93,9,24.1,100.32,RAIN
6378,16.1,15.6,97,13,25.0,100.33,RAIN
6379,16.0,15.3,96,9,25.0,100.36,RAIN
6472,18.8,15.2,80,7,24.1,100.74,RAIN
6540,12.6,9.9,84,22,24.1,101.18,RAIN
6541,12.4,9.8,84,19,24.1,101.15,RAIN
6543,11.6,10.1,91,20,19.3,101.11,RAIN
6545,11.1,10.4,95,22,9.7,101.12,RAIN
6546,10.8,9.8,94,20,16.1,101.12,RAIN
6551,10.8,9.7,93,17,12.9,101.06,RAIN
6555,10.4,9.6,95,17,12.9,100.92,RAIN
6574,11.6,11.2,97,13,16.1,99.79,RAIN
6576,11.5,11.1,97,15,19.3,99.62,RAIN
6583,12.1,11.2,94,17,19.3,99.6,RAIN
6650,14.7,14.1,96,11,6.4,101.56,RAIN
6682,18.9,14.4,75,11,24.1,100.87,RAIN
6698,15.4,9.6,68,11,25.0,100.44,RAIN
6699,14.6,10.1,74,11,25.0,100.39,RAIN
6700,11.0,9.7,92,13,16.1,100.35,RAIN
6701,9.4,8.8,96,15,16.1,100.32,RAIN
6702,9.1,8.7,97,6,16.1,100.35,RAIN
6704,8.8,8.4,97,7,19.3,100.36,RAIN
6705,9.5,8.6,94,7,24.1,100.33,RAIN
6706,9.7,8.7,93,13,24.1,100.32,RAIN
6707,9.6,8.4,92,13,24.1,100.35,RAIN
6743,6.5,1.4,70,15,25.0,101.44,RAIN
6744,6.4,2.9,78,9,25.0,101.49,RAIN
6745,6.2,2.9,79,7,25.0,101.52,RAIN
6803,12.2,10.6,90,13,12.9,100.43,RAIN
6805,12.5,10.8,89,19,4.0,100.24,RAIN
6808,13.7,10.4,80,26,16.1,100.02,RAIN
6809,11.5,7.7,77,33,24.1,100.13,RAIN
6834,9.1,0.9,56,30,25.0,101.19,RAIN
6835,8.4,2.2,65,37,25.0,101.13,RAIN
6836,7.0,3.6,79,32,25.0,101.07,RAIN
6837,6.6,4.2,85,22,25.0,100.93,RAIN
6838,6.9,3.9,81,22,25.0,100.77,RAIN
6839,8.2,4.2,76,19,25.0,100.69,RAIN
6840,7.7,5.3,85,22,25.0,100.74,RAIN
6841,8.1,5.4,83,24,25.0,100.75,RAIN
6886,8.2,-0.9,53,24,25.0,101.75,RAIN
6890,4.4,3.2,92,17,11.3,101.35,RAIN
6894,5.5,4.5,93,11,12.9,101.11,RAIN
6898,7.3,5.7,90,6,16.1,101.14,RAIN
6923,16.6,12.4,76,17,24.1,99.61,RAIN
7012,11.9,6.7,70,13,25.0,100.96,RAIN
7013,11.7,8.7,82,17,19.3,100.96,RAIN
7016,11.7,10.2,91,13,16.1,100.92,RAIN
7018,13.1,11.0,87,24,25.0,100.79,RAIN
7019,12.8,11.5,92,9,19.3,100.79,RAIN
7020,13.0,11.5,91,11,16.1,100.77,RAIN
7021,13.1,11.9,92,17,12.9,100.64,RAIN
7026,13.1,12.1,94,22,12.9,100.29,RAIN
7027,13.5,12.4,93,7,9.7,100.29,RAIN
7028,13.8,12.9,94,19,12.9,100.13,RAIN
7048,14.0,9.2,73,15,24.1,99.9,RAIN
7049,13.4,9.2,76,11,24.1,99.95,RAIN
7061,10.5,7.3,81,24,25.0,100.15,RAIN
7212,14.1,11.1,82,17,6.4,101.26,RAIN
7275,13.9,10.6,80,41,25.0,99.21,RAIN
7278,13.6,10.5,82,37,25.0,99.31,RAIN
7279,15.0,11.1,77,30,19.3,99.45,RAIN
7283,15.1,13.8,92,22,4.0,99.6,RAIN
7292,18.6,12.5,68,26,25.0,99.57,RAIN
7293,16.8,13.5,81,26,19.3,99.6,RAIN
7295,15.6,14.0,90,11,25.0,99.45,RAIN
7296,15.0,13.9,93,9,16.1,99.43,RAIN
7307,14.8,13.7,93,11,9.7,99.12,RAIN
7309,10.2,8.5,89,20,24.1,99.26,RAIN
7310,10.3,8.8,90,11,12.9,99.28,RAIN
7311,10.2,8.6,90,4,24.1,99.28,RAIN
7317,8.1,6.5,90,0,25.0,99.39,RAIN
7322,7.6,6.2,91,4,25.0,99.35,RAIN
7323,7.3,5.5,88,6,19.3,99.33,RAIN
7324,7.7,4.7,81,0,25.0,99.32,RAIN
7325,7.7,5.0,83,4,25.0,99.32,RAIN
7327,7.3,4.7,84,7,24.1,99.32,RAIN
7328,7.2,4.5,83,9,24.1,99.33,RAIN
7329,7.6,5.6,87,9,24.1,99.34,RAIN
7333,8.4,4.9,79,15,24.1,99.22,RAIN
7334,8.4,5.3,81,17,19.3,99.22,RAIN
7335,7.7,6.0,89,11,12.9,99.22,RAIN
7336,8.0,6.2,88,17,19.3,99.23,RAIN
7337,8.1,5.9,86,17,16.1,99.26,RAIN
7339,6.9,4.7,86,22,25.0,99.33,RAIN
7340,6.7,4.8,88,24,25.0,99.33,RAIN
7341,6.4,4.5,88,22,25.0,99.35,RAIN
7342,5.6,3.6,87,20,25.0,99.37,RAIN
7343,5.5,2.9,83,19,25.0,99.38,RAIN
7349,4.8,2.9,87,19,25.0,99.46,RAIN
7350,4.4,2.6,88,20,25.0,99.48,RAIN
7351,4.1,2.4,89,19,25.0,99.53,RAIN
7352,3.9,2.5,91,17,24.1,99.58,RAIN
7353,3.7,2.1,89,22,24.1,99.61,RAIN
7354,3.9,2.4,90,20,24.1,99.64,RAIN
7355,4.2,2.8,91,22,24.1,99.67,RAIN
7356,4.3,2.9,91,15,24.1,99.68,RAIN
7357,4.3,3.1,92,20,24.1,99.7,RAIN
7363,5.9,4.2,89,19,25.0,99.9,RAIN
7364,5.8,3.7,86,17,25.0,99.94,RAIN
7366,5.6,3.1,84,13,25.0,100.0,RAIN
7367,5.6,2.8,82,13,25.0,100.02,RAIN
7368,5.3,2.3,81,17,25.0,100.06,RAIN
7369,4.9,2.2,83,13,25.0,100.1,RAIN
7370,4.7,1.9,82,17,25.0,100.13,RAIN
7378,5.1,1.6,78,22,24.1,100.45,RAIN
7379,5.3,2.2,80,24,24.1,100.45,RAIN
7380,5.4,2.0,79,22,24.1,100.45,RAIN
7381,5.1,2.6,84,22,24.1,100.46,RAIN
7382,5.5,2.6,82,20,24.1,100.47,RAIN
7383,5.4,2.7,83,24,24.1,100.52,RAIN
7384,5.0,2.7,85,20,24.1,100.57,RAIN
7385,5.0,2.3,83,20,24.1,100.62,RAIN
7386,4.7,2.4,85,13,25.0,100.66,RAIN
7387,4.8,2.3,84,15,25.0,100.69,RAIN
7565,0.3,-4.0,73,20,25.0,102.23,RAIN
7566,0.5,-2.3,81,17,25.0,102.26,RAIN
7570,1.7,-0.6,85,17,24.1,102.31,RAIN
7571,2.9,-0.2,80,22,24.1,102.21,RAIN
7608,14.8,10.0,73,48,25.0,100.94,RAIN
7609,9.1,7.4,89,37,12.9,101.25,RAIN
7610,8.0,6.2,88,35,25.0,101.36,RAIN
7611,7.9,5.6,85,41,25.0,101.45,RAIN
7612,6.2,4.1,86,28,25.0,101.53,RAIN
7613,5.6,3.4,86,30,25.0,101.6,RAIN
7784,-2.0,-4.4,84,9,9.7,102.03,RAIN
7785,-0.7,-3.6,81,6,9.7,102.01,RAIN
7807,-0.1,-2.8,82,11,9.7,102.0,RAIN
7863,10.4,2.5,58,17,16.1,99.79,RAIN
7864,9.2,6.4,83,30,12.9,99.83,RAIN
7865,8.8,6.8,87,22,16.1,99.78,RAIN
7870,8.6,3.0,68,26,25.0,99.7,RAIN
7873,5.3,2.3,81,32,25.0,99.6,RAIN
7874,5.1,2.1,81,30,25.0,99.61,RAIN
7881,1.6,-0.9,83,33,24.1,99.58,RAIN
8076,6.6,3.3,79,28,24.1,101.0,RAIN
8077,6.2,4.3,88,19,12.9,100.89,RAIN
8120,5.5,3.9,89,9,19.3,101.29,RAIN
8121,5.9,4.8,93,11,19.3,101.23,RAIN
8131,10.7,8.4,86,7,25.0,100.57,RAIN
8132,9.9,9.1,95,15,12.9,100.53,RAIN
8133,10.4,9.7,95,9,6.4,100.56,RAIN
8134,9.8,9.3,97,6,12.9,100.57,RAIN
8135,9.7,9.1,96,19,9.7,100.63,RAIN
8136,9.5,8.0,90,19,12.9,100.56,RAIN
8137,9.0,7.3,89,30,16.1,100.45,RAIN
8138,8.7,7.1,90,24,16.1,100.5,RAIN
8139,7.8,6.7,93,24,9.7,100.53,RAIN
8339,-0.7,-3.1,84,9,9.7,102.55,RAIN
8340,-0.4,-2.9,83,9,9.7,102.46,RAIN
8363,2.6,-2.0,72,22,24.1,101.35,RAIN
8424,-2.3,-3.3,93,24,12.9,101.02,RAIN
8426,-2.2,-3.3,92,24,11.3,101.0,RAIN
8440,1.3,0.4,94,15,12.9,100.62,RAIN
8442,2.0,0.6,90,19,16.1,100.61,RAIN
8443,2.1,0.4,88,15,16.1,100.63,RAIN
8444,2.3,0.5,88,19,16.1,100.64,RAIN
8451,0.4,-0.9,91,24,16.1,100.24,RAIN
8452,0.5,-0.8,91,24,11.3,100.15,RAIN
8453,0.6,-0.6,92,24,9.7,100.12,RAIN
8467,1.4,0.7,95,15,8.0,99.53,RAIN
8468,1.3,0.7,96,15,6.4,99.54,RAIN
8487,1.3,-0.1,90,9,24.1,100.83,RAIN
8489,1.1,-0.2,91,6,16.1,101.04,RAIN
8534,2.1,0.4,88,41,19.3,98.16,RAIN
8535,1.8,0.2,89,33,12.9,98.1,RAIN
8536,1.4,0.2,92,43,9.7,97.93,RAIN
8537,1.3,0.2,92,46,12.9,97.76,RAIN
8538,1.4,0.3,92,46,25.0,97.56,RAIN
8539,2.3,1.1,92,37,11.3,97.52,RAIN
8540,2.4,1.7,95,15,9.7,97.58,RAIN
8541,1.3,0.4,94,22,9.7,97.64,RAIN
8545,1.2,0.1,92,30,12.9,97.84,RAIN
